{
    "bltcb89e71ad8925f11": {
        "locale": "es-es",
        "uid": "bltcb89e71ad8925f11",
        "ACL": {},
        "_in_progress": false,
        "_version": 2,
        "_workflow": null,
        "author": [
            {
                "uid": "blta3402b8352547aa4",
                "_content_type_uid": "author"
            }
        ],
        "blog_body": [
            {
                "rich_text_editor": {
                    "rich_text": "<p>Lorem ipsum dolor sit amet, consectetur adipiscing elit, sed do eiusmod tempor incididunt ut labore et dolore magna aliqua. Non consectetur a erat nam. Placerat duis ultricies lacus sed turpis tincidunt. Ullamcorper sit amet risus nullam eget felis eget. Congue mauris rhoncus aenean vel elit scelerisque mauris. Ullamcorper sit amet risus nullam eget felis eget nunc. Sed odio morbi quis commodo odio aenean sed adipiscing. Lectus quam id leo in vitae turpis massa sed elementum. Semper risus in hendrerit gravida rutrum quisque non tellus. Tellus orci ac auctor augue mauris augue. Est pellentesque elit ullamcorper dignissim cras. Ultrices mi tempus imperdiet nulla malesuada pellentesque elit eget. Sed turpis tincidunt id aliquet risus feugiat in ante metus. Feugiat sed lectus vestibulum mattis ullamcorper velit sed. Vel fringilla est ullamcorper eget nulla facilisi etiam. Lectus urna duis convallis convallis tellus id interdum velit. Vestibulum sed arcu non odio euismod. Faucibus et molestie ac feugiat sed lectus vestibulum. Massa enim nec dui nunc mattis enim ut. Lectus vestibulum mattis ullamcorper velit sed.</p>\n<p>Purus in mollis nunc sed id semper risus. Aliquam purus sit amet luctus. Nullam eget felis eget nunc lobortis mattis aliquam faucibus purus. Et tortor consequat id porta nibh venenatis. Nunc faucibus a pellentesque sit amet porttitor. Sed odio morbi quis commodo odio aenean. Nibh praesent tristique magna sit amet purus gravida quis blandit. Mauris rhoncus aenean vel elit scelerisque mauris pellentesque pulvinar pellentesque. At auctor urna nunc id. Etiam non quam lacus suspendisse faucibus interdum posuere lorem. Erat nam at lectus urna duis convallis convallis. Sodales ut eu sem integer vitae justo. Pulvinar mattis nunc sed blandit libero volutpat sed cras ornare. Feugiat nibh sed pulvinar proin gravida hendrerit. Quam pellentesque nec nam aliquam sem et tortor consequat. Quisque id diam vel quam elementum. Tellus cras adipiscing enim eu turpis egestas pretium aenean pharetra. Faucibus a pellentesque sit amet porttitor eget dolor morbi. At urna condimentum mattis pellentesque.</p>",
                    "_metadata": {
                        "uid": "cs357f1537f0950044"
                    }
                }
            },
            {
                "quotes": {
                    "quote": "<img class=\"quoteIcon\" src=\"https://img.icons8.com/office/40/000000/quote-left.png\" data-image=\"7hgft495rioy\"><p>Gold medals aren't really made of gold. They're made of sweat, determination, and a hard-to-find alloy called guts.</p><p><strong>Dan Gable</strong></p>",
                    "_metadata": {
                        "uid": "cs21d51149b9019611"
                    }
                }
            },
            {
                "rich_text_editor": {
                    "rich_text": "<p>Dignissim diam quis enim lobortis. Ultrices neque ornare aenean euismod elementum nisi. Quis lectus nulla at volutpat diam ut venenatis. Pellentesque pulvinar pellentesque habitant morbi tristique senectus et. Turpis in eu mi bibendum neque egestas congue. Dolor sit amet consectetur adipiscing elit ut. Facilisis sed odio morbi quis. Pellentesque dignissim enim sit amet venenatis urna cursus. Congue nisi vitae suscipit tellus mauris a diam maecenas sed. Id nibh tortor id aliquet lectus proin nibh. Consectetur libero id faucibus nisl. Dui faucibus in ornare quam viverra orci. Convallis posuere morbi leo urna molestie. Amet consectetur adipiscing elit pellentesque habitant morbi tristique.</p>\n<p>Nunc eget lorem dolor sed viverra ipsum. Lorem ipsum dolor sit amet consectetur adipiscing. Cursus sit amet dictum sit amet justo donec enim diam. Urna molestie at elementum eu facilisis. Enim facilisis gravida neque convallis a cras semper. Gravida rutrum quisque non tellus orci ac auctor. Sit amet nulla facilisi morbi tempus iaculis. Pretium quam vulputate dignissim suspendisse in est ante in nibh. Pellentesque dignissim enim sit amet venenatis urna cursus eget. Sollicitudin ac orci phasellus egestas tellus.<br></p>\n<p>Quisque id diam vel quam elementum pulvinar etiam non. Nullam eget felis eget nunc. Justo laoreet sit amet cursus. Amet consectetur adipiscing elit ut aliquam purus sit amet luctus. Aliquam faucibus purus in massa tempor nec feugiat nisl. Viverra orci sagittis eu volutpat odio facilisis mauris. Turpis massa tincidunt dui ut ornare. Ipsum dolor sit amet consectetur adipiscing elit ut. Felis eget nunc lobortis mattis aliquam faucibus. Aliquet enim tortor at auctor urna nunc. Varius morbi enim nunc faucibus a. Auctor augue mauris augue neque gravida in. Ut enim blandit volutpat maecenas volutpat. Amet risus nullam eget felis eget nunc lobortis. Et ligula ullamcorper malesuada proin. Facilisi cras fermentum odio eu feugiat pretium nibh ipsum consequat.</p>",
                    "_metadata": {
                        "uid": "csf3e11b298873a126"
                    }
                }
            }
        ],
        "hero_banner": {
            "banner_title": "Deportes",
            "banner_image": {
                "uid": "blt5a383f765e5f0f9e",
                "created_at": "2021-03-31T12:55:29.883Z",
                "updated_at": "2021-03-31T12:55:29.883Z",
                "created_by": "blt484b7e4e3d1b7f76",
                "updated_by": "blt484b7e4e3d1b7f76",
                "content_type": "image/jpeg",
                "file_size": "42053",
                "tags": [],
                "filename": "sports-blog-post.jpg",
                "url": "https://images.contentstack.io/v3/assets/bltf2f2e5d5264c97cf/blt5a383f765e5f0f9e/6064714113646010b4541b94/sports-blog-post.jpg",
                "ACL": [],
                "is_dir": false,
                "_version": 1,
                "title": "sports-blog-post.jpg",
                "publish_details": [
                    {
                        "environment": "blt02f91335cdb5e544",
                        "locale": "es-es",
                        "time": "2021-03-31T12:55:30.337Z",
                        "user": "blt484b7e4e3d1b7f76",
                        "version": 1
                    },
                    {
                        "environment": "bltedac9aaef6ef5918",
                        "locale": "es-es",
                        "time": "2021-03-31T12:55:30.337Z",
                        "user": "blt484b7e4e3d1b7f76",
                        "version": 1
                    },
                    {
                        "environment": "blt02f91335cdb5e544",
                        "locale": "en-us",
                        "time": "2021-03-31T12:55:30.346Z",
                        "user": "blt484b7e4e3d1b7f76",
                        "version": 1
                    },
                    {
                        "environment": "bltedac9aaef6ef5918",
                        "locale": "en-us",
                        "time": "2021-03-31T12:55:30.346Z",
                        "user": "blt484b7e4e3d1b7f76",
                        "version": 1
                    }
                ]
            }
        },
        "seo": {
            "meta_title": "Blog de deportes",
            "meta_description": "desc",
            "meta_keywords": "key"
        },
        "tags": [],
        "title": "Blog de deportes",
        "url": "/blogs/sports-blog",
        "publish_details": [
            {
                "environment": "blt02f91335cdb5e544",
                "locale": "es-es",
                "time": "2021-03-31T12:56:15.343Z",
                "user": "blt484b7e4e3d1b7f76",
                "version": 2
            },
            {
                "environment": "bltedac9aaef6ef5918",
                "locale": "es-es",
                "time": "2021-03-31T12:56:15.343Z",
                "user": "blt484b7e4e3d1b7f76",
                "version": 2
            }
        ]
    },
    "blt140700f36e19576b": {
        "locale": "es-es",
        "uid": "blt140700f36e19576b",
        "ACL": {},
        "_in_progress": false,
        "_version": 2,
        "_workflow": null,
        "author": [
            {
                "uid": "blt89eac74a992821fb",
                "_content_type_uid": "author"
            }
        ],
        "blog_body": [
            {
                "rich_text_editor": {
                    "rich_text": "<p>Lorem ipsum dolor sit amet, consectetur adipiscing elit, sed do eiusmod tempor incididunt ut labore et dolore magna aliqua. Velit laoreet id donec ultrices tincidunt arcu non sodales. Dictum fusce ut placerat orci. Sed tempus urna et pharetra pharetra. Porta nibh venenatis cras sed felis eget velit aliquet sagittis. Eu consequat ac felis donec et odio pellentesque. Facilisi nullam vehicula ipsum a arcu cursus vitae. Viverra suspendisse potenti nullam ac. Venenatis lectus magna fringilla urna porttitor rhoncus dolor purus non. Et odio pellentesque diam volutpat commodo sed egestas egestas. Diam vel quam elementum pulvinar etiam non quam. Eget magna fermentum iaculis eu non diam phasellus vestibulum. Leo integer malesuada nunc vel risus. Tempus iaculis urna id volutpat lacus laoreet. Cursus in hac habitasse platea dictumst. Lectus vestibulum mattis ullamcorper velit sed. Aliquam faucibus purus in massa. Ullamcorper sit amet risus nullam eget. Scelerisque varius morbi enim nunc faucibus a pellentesque</p>",
                    "_metadata": {
                        "uid": "csb5f8b889e0f4a225"
                    }
                }
            },
            {
                "quotes": {
                    "quote": "<img class=\"quoteIcon\" src=\"https://img.icons8.com/office/50/000000/quote-left.png\" data-image=\"cq10l8ywk18j\"><p>If you really want to make a friend, go to someone's house and eat with him... the people who give you their food give you their heart.</p><p><strong>Cesar Chavez</strong></p>",
                    "_metadata": {
                        "uid": "csa02a013a1037854d"
                    }
                }
            },
            {
                "rich_text_editor": {
                    "rich_text": "<p>Gravida rutrum quisque non tellus orci ac. Tristique risus nec feugiat in. Turpis nunc eget lorem dolor sed viverra. Consectetur adipiscing elit duis tristique sollicitudin nibh sit amet. Enim sed faucibus turpis in eu mi bibendum. Scelerisque varius morbi enim nunc faucibus a pellentesque sit. Nisl nisi scelerisque eu ultrices vitae auctor eu augue ut. A lacus vestibulum sed arcu non odio euismod lacinia at. Odio facilisis mauris sit amet massa vitae tortor condimentum lacinia. Augue interdum velit euismod in pellentesque massa placerat duis. Auctor augue mauris augue neque. At ultrices mi tempus imperdiet nulla malesuada pellentesque elit. Proin fermentum leo vel orci porta non pulvinar. Sed enim ut sem viverra aliquet eget sit amet tellus. Nunc sed velit dignissim sodales ut eu sem integer vitae. Ut diam quam nulla porttitor. Enim nulla aliquet porttitor lacus luctus accumsan tortor. Elit pellentesque habitant morbi tristique senectus et netus et malesuada.</p>\n<p>Tempor nec feugiat nisl pretium fusce. Tristique magna sit amet purus gravida quis blandit turpis. Nisl nisi scelerisque eu ultrices vitae auctor eu augue ut. Ultricies mi eget mauris pharetra et ultrices neque. Pellentesque id nibh tortor id. Turpis in eu mi bibendum neque egestas. Nisl nisi scelerisque eu ultrices vitae auctor. Mauris sit amet massa vitae tortor condimentum. Proin fermentum leo vel orci porta non. Est pellentesque elit ullamcorper dignissim cras tincidunt lobortis feugiat vivamus. Pulvinar sapien et ligula ullamcorper malesuada. In hac habitasse platea dictumst quisque sagittis purus.</p>\\n<p>Quam pellentesque nec nam aliquam sem et. Cras ornare arcu dui vivamus. Sociis natoque penatibus et magnis dis. Orci ac auctor augue mauris augue. Risus quis varius quam quisque id diam. Id venenatis a condimentum vitae. A lacus vestibulum sed arcu non odio euismod lacinia at. Commodo nulla facilisi nullam vehicula ipsum a. Dignissim diam quis enim lobortis scelerisque fermentum dui faucibus. Ac tortor vitae purus faucibus ornare suspendisse sed. Adipiscing elit ut aliquam purus sit amet luctus venenatis lectus. Sit amet nisl purus in mollis. Mi quis hendrerit dolor magna eget est lorem ipsum. Tincidunt arcu non sodales neque sodales. Quisque egestas diam in arcu cursus euismod. Id diam vel quam elementum pulvinar etiam.</p>",
                    "_metadata": {
                        "uid": "cseb904997d371d143"
                    }
                }
            },
            {
                "social_network": {
                    "embedded_code": "<div class=\"twitter-tweet twitter-tweet-rendered\" style=\"display: flex; margin-left:30%; max-width: 550px; width: 100%; margin-top: 10px; margin-bottom: 10px;\"><iframe id=\"twitter-widget-0\" scrolling=\"no\" frameborder=\"0\" allowtransparency=\"true\" allowfullscreen=\"true\" style=\"position: static; visibility: visible; width: 550px; height: 602px; display: block; flex-grow: 1;\" title=\"Twitter Tweet\" src=\"https://platform.twitter.com/embed/index.html?dnt=false&embedId=twitter-widget-0&frame=false&hideCard=false&hideThread=false&id=1275309294611656705&lang=en&origin=file%3A%2F%2F%2Fhome%2Famit%2FDownloads%2Fcodebeautify.html&theme=light&widgetsVersion=9066bb2%3A1593540614199&width=550px\" data-tweet-id=\"1275309294611656705\"></iframe></div>",
                    "_metadata": {
                        "uid": "cs54903991e4dd2643"
                    }
                }
            }
        ],
        "hero_banner": {
            "banner_title": "Blog de comida",
            "banner_image": {
                "uid": "bltcfaf3f588673bf6a",
                "created_at": "2021-03-31T12:55:31.749Z",
                "updated_at": "2021-03-31T12:55:31.749Z",
                "created_by": "blt484b7e4e3d1b7f76",
                "updated_by": "blt484b7e4e3d1b7f76",
                "content_type": "image/jpeg",
                "file_size": "119696",
                "tags": [],
                "filename": "food-blog-banner.jpg",
                "url": "https://images.contentstack.io/v3/assets/bltf2f2e5d5264c97cf/bltcfaf3f588673bf6a/606471433b423810745c85ba/food-blog-banner.jpg",
                "ACL": [],
                "is_dir": false,
                "_version": 1,
                "title": "food-blog-banner.jpg",
                "publish_details": [
                    {
                        "environment": "blt02f91335cdb5e544",
                        "locale": "es-es",
                        "time": "2021-03-31T12:55:32.174Z",
                        "user": "blt484b7e4e3d1b7f76",
                        "version": 1
                    },
                    {
                        "environment": "bltedac9aaef6ef5918",
                        "locale": "es-es",
                        "time": "2021-03-31T12:55:32.174Z",
                        "user": "blt484b7e4e3d1b7f76",
                        "version": 1
                    },
                    {
                        "environment": "blt02f91335cdb5e544",
                        "locale": "en-us",
                        "time": "2021-03-31T12:55:32.181Z",
                        "user": "blt484b7e4e3d1b7f76",
                        "version": 1
                    },
                    {
                        "environment": "bltedac9aaef6ef5918",
                        "locale": "en-us",
                        "time": "2021-03-31T12:55:32.181Z",
                        "user": "blt484b7e4e3d1b7f76",
                        "version": 1
                    }
                ]
            }
        },
        "seo": {
            "meta_title": "Blog de comida",
            "meta_description": "desc",
            "meta_keywords": "key"
        },
        "tags": [],
        "title": "Blog de comida",
        "url": "/blogs/food-blog",
        "publish_details": [
            {
                "environment": "blt02f91335cdb5e544",
                "locale": "es-es",
                "time": "2021-03-31T12:56:14.135Z",
                "user": "blt484b7e4e3d1b7f76",
                "version": 2
            },
            {
                "environment": "bltedac9aaef6ef5918",
                "locale": "es-es",
                "time": "2021-03-31T12:56:14.135Z",
                "user": "blt484b7e4e3d1b7f76",
                "version": 2
            }
        ]
    },
    "blt1ad4fea920f543c9": {
        "locale": "es-es",
        "uid": "blt1ad4fea920f543c9",
        "ACL": {},
        "_in_progress": false,
        "_version": 2,
        "_workflow": null,
        "author": [
            {
                "uid": "bltd72a6663213e0e0c",
                "_content_type_uid": "author"
            }
        ],
        "blog_body": [
            {
                "rich_text_editor": {
                    "rich_text": "<p>Lorem ipsum dolor sit amet, consectetur adipiscing elit, sed do eiusmod tempor incididunt ut labore et dolore magna aliqua. Non consectetur a erat nam. Placerat duis ultricies lacus sed turpis tincidunt. Ullamcorper sit amet risus nullam eget felis eget. Congue mauris rhoncus aenean vel elit scelerisque mauris. Ullamcorper sit amet risus nullam eget felis eget nunc. Sed odio morbi quis commodo odio aenean sed adipiscing. Lectus quam id leo in vitae turpis massa sed elementum. Semper risus in hendrerit gravida rutrum quisque non tellus. Tellus orci ac auctor augue mauris augue. Est pellentesque elit ullamcorper dignissim cras. Ultrices mi tempus imperdiet nulla malesuada pellentesque elit eget. Sed turpis tincidunt id aliquet risus feugiat in ante metus. Feugiat sed lectus vestibulum mattis ullamcorper velit sed. Vel fringilla est ullamcorper eget nulla facilisi etiam. Lectus urna duis convallis convallis tellus id interdum velit. Vestibulum sed arcu non odio euismod. Faucibus et molestie ac feugiat sed lectus vestibulum. Massa enim nec dui nunc mattis enim ut. Lectus vestibulum mattis ullamcorper velit sed.</p>\n<p>Purus in mollis nunc sed id semper risus. Aliquam purus sit amet luctus. Nullam eget felis eget nunc lobortis mattis aliquam faucibus purus. Et tortor consequat id porta nibh venenatis. Nunc faucibus a pellentesque sit amet porttitor. Sed odio morbi quis commodo odio aenean. Nibh praesent tristique magna sit amet purus gravida quis blandit. Mauris rhoncus aenean vel elit scelerisque mauris pellentesque pulvinar pellentesque. At auctor urna nunc id. Etiam non quam lacus suspendisse faucibus interdum posuere lorem. Erat nam at lectus urna duis convallis convallis. Sodales ut eu sem integer vitae justo. Pulvinar mattis nunc sed blandit libero volutpat sed cras ornare. Feugiat nibh sed pulvinar proin gravida hendrerit. Quam pellentesque nec nam aliquam sem et tortor consequat. Quisque id diam vel quam elementum. Tellus cras adipiscing enim eu turpis egestas pretium aenean pharetra. Faucibus a pellentesque sit amet porttitor eget dolor morbi. At urna condimentum mattis pellentesque.</p>",
                    "_metadata": {
                        "uid": "cs9a4de7ea8d8722a9"
                    }
                }
            },
            {
                "quotes": {
                    "quote": "<img class=\"quoteIcon\" src=\"https://img.icons8.com/dusk/64/000000/quote-left.png\" data-image=\"53dbk42n38l3\">\n<p>    The roots of education are bitter, but the fruit is sweet </p>\n<p><strong>Aristotle</strong></p>",
                    "_metadata": {
                        "uid": "cs9cc803779dc0aa95"
                    }
                }
            },
            {
                "rich_text_editor": {
                    "rich_text": "<p>Dignissim diam quis enim lobortis. Ultrices neque ornare aenean euismod elementum nisi. Quis lectus nulla at volutpat diam ut venenatis. Pellentesque pulvinar pellentesque habitant morbi tristique senectus et. Turpis in eu mi bibendum neque egestas congue. Dolor sit amet consectetur adipiscing elit ut. Facilisis sed odio morbi quis. Pellentesque dignissim enim sit amet venenatis urna cursus. Congue nisi vitae suscipit tellus mauris a diam maecenas sed. Id nibh tortor id aliquet lectus proin nibh. Consectetur libero id faucibus nisl. Dui faucibus in ornare quam viverra orci. Convallis posuere morbi leo urna molestie. Amet consectetur adipiscing elit pellentesque habitant morbi tristique.</p>\n<p>Nunc eget lorem dolor sed viverra ipsum. Lorem ipsum dolor sit amet consectetur adipiscing. Cursus sit amet dictum sit amet justo donec enim diam. Urna molestie at elementum eu facilisis. Enim facilisis gravida neque convallis a cras semper. Gravida rutrum quisque non tellus orci ac auctor. Sit amet nulla facilisi morbi tempus iaculis. Pretium quam vulputate dignissim suspendisse in est ante in nibh. Pellentesque dignissim enim sit amet venenatis urna cursus eget. Sollicitudin ac orci phasellus egestas tellus.<br></p>\\n<p>Quisque id diam vel quam elementum pulvinar etiam non. Nullam eget felis eget nunc. Justo laoreet sit amet cursus. Amet consectetur adipiscing elit ut aliquam purus sit amet luctus. Aliquam faucibus purus in massa tempor nec feugiat nisl. Viverra orci sagittis eu volutpat odio facilisis mauris. Turpis massa tincidunt dui ut ornare. Ipsum dolor sit amet consectetur adipiscing elit ut. Felis eget nunc lobortis mattis aliquam faucibus. Aliquet enim tortor at auctor urna nunc. Varius morbi enim nunc faucibus a. Auctor augue mauris augue neque gravida in. Ut enim blandit volutpat maecenas volutpat. Amet risus nullam eget felis eget nunc lobortis. Et ligula ullamcorper malesuada proin. Facilisi cras fermentum odio eu feugiat pretium nibh ipsum consequat.</p>",
                    "_metadata": {
                        "uid": "cs4d33f166c7d5857c"
                    }
                }
            }
        ],
        "hero_banner": {
            "banner_title": "Educación",
            "banner_image": {
                "uid": "blt28369a0ca9fa12da",
                "created_at": "2021-03-31T12:55:28.013Z",
                "updated_at": "2021-03-31T12:55:28.013Z",
                "created_by": "blt484b7e4e3d1b7f76",
                "updated_by": "blt484b7e4e3d1b7f76",
                "content_type": "image/jpeg",
                "file_size": "1139306",
                "tags": [],
                "filename": "education.jpg",
                "url": "https://images.contentstack.io/v3/assets/bltf2f2e5d5264c97cf/blt28369a0ca9fa12da/6064714044b24810eb4fef73/education.jpg",
                "ACL": [],
                "is_dir": false,
                "_version": 1,
                "title": "education.jpg",
                "publish_details": [
                    {
                        "environment": "blt02f91335cdb5e544",
                        "locale": "es-es",
                        "time": "2021-03-31T12:55:28.534Z",
                        "user": "blt484b7e4e3d1b7f76",
                        "version": 1
                    },
                    {
                        "environment": "bltedac9aaef6ef5918",
                        "locale": "es-es",
                        "time": "2021-03-31T12:55:28.535Z",
                        "user": "blt484b7e4e3d1b7f76",
                        "version": 1
                    },
                    {
                        "environment": "blt02f91335cdb5e544",
                        "locale": "en-us",
                        "time": "2021-03-31T12:55:28.543Z",
                        "user": "blt484b7e4e3d1b7f76",
                        "version": 1
                    },
                    {
                        "environment": "bltedac9aaef6ef5918",
                        "locale": "en-us",
                        "time": "2021-03-31T12:55:28.543Z",
                        "user": "blt484b7e4e3d1b7f76",
                        "version": 1
                    }
                ]
            }
        },
        "seo": {
            "meta_title": "Blog de educación",
            "meta_description": "desc",
            "meta_keywords": "key"
        },
        "tags": [],
        "title": "Blog de educación",
        "url": "/blogs/educational-blog",
        "publish_details": [
            {
                "environment": "blt02f91335cdb5e544",
                "locale": "es-es",
                "time": "2021-03-31T12:56:14.435Z",
                "user": "blt484b7e4e3d1b7f76",
                "version": 2
            },
            {
                "environment": "bltedac9aaef6ef5918",
                "locale": "es-es",
                "time": "2021-03-31T12:56:14.435Z",
                "user": "blt484b7e4e3d1b7f76",
                "version": 2
            }
        ]
    },
    "bltfc93a1ffb6c6fe84": {
        "locale": "es-es",
        "uid": "bltfc93a1ffb6c6fe84",
        "ACL": {},
        "_in_progress": false,
        "_version": 2,
        "_workflow": null,
        "author": [
            {
                "uid": "blt0381b9518bb27886",
                "_content_type_uid": "author"
            }
        ],
        "blog_body": [
            {
                "rich_text_editor": {
                    "rich_text": "<p>Lorem ipsum dolor sit amet, consectetur adipiscing elit, sed do eiusmod tempor incididunt ut labore et dolore magna aliqua. Non consectetur a erat nam. Placerat duis ultricies lacus sed turpis tincidunt. Ullamcorper sit amet risus nullam eget felis eget. Congue mauris rhoncus aenean vel elit scelerisque mauris. Ullamcorper sit amet risus nullam eget felis eget nunc. Sed odio morbi quis commodo odio aenean sed adipiscing. Lectus quam id leo in vitae turpis massa sed elementum. Semper risus in hendrerit gravida rutrum quisque non tellus. Tellus orci ac auctor augue mauris augue. Est pellentesque elit ullamcorper dignissim cras. Ultrices mi tempus imperdiet nulla malesuada pellentesque elit eget. Sed turpis tincidunt id aliquet risus feugiat in ante metus. Feugiat sed lectus vestibulum mattis ullamcorper velit sed. Vel fringilla est ullamcorper eget nulla facilisi etiam. Lectus urna duis convallis convallis tellus id interdum velit. Vestibulum sed arcu non odio euismod. Faucibus et molestie ac feugiat sed lectus vestibulum. Massa enim nec dui nunc mattis enim ut. Lectus vestibulum mattis ullamcorper velit sed.</p>\n<p>Purus in mollis nunc sed id semper risus. Aliquam purus sit amet luctus. Nullam eget felis eget nunc lobortis mattis aliquam faucibus purus. Et tortor consequat id porta nibh venenatis. Nunc faucibus a pellentesque sit amet porttitor. Sed odio morbi quis commodo odio aenean. Nibh praesent tristique magna sit amet purus gravida quis blandit. Mauris rhoncus aenean vel elit scelerisque mauris pellentesque pulvinar pellentesque. At auctor urna nunc id. Etiam non quam lacus suspendisse faucibus interdum posuere lorem. Erat nam at lectus urna duis convallis convallis. Sodales ut eu sem integer vitae justo. Pulvinar mattis nunc sed blandit libero volutpat sed cras ornare. Feugiat nibh sed pulvinar proin gravida hendrerit. Quam pellentesque nec nam aliquam sem et tortor consequat. Quisque id diam vel quam elementum. Tellus cras adipiscing enim eu turpis egestas pretium aenean pharetra. Faucibus a pellentesque sit amet porttitor eget dolor morbi. At urna condimentum mattis pellentesque.</p>",
                    "_metadata": {
                        "uid": "cs6b7161570f836e94"
                    }
                }
            },
            {
                "quotes": {
                    "quote": "<img class=\"quoteIcon\" src=\"https://img.icons8.com/dusk/64/000000/quote-left.png\" data-image=\"53dbk42n38l3\">\n<p>Success in creating AI would be the biggest event in human history. Unfortunately, it might also be the last, unless we learn how to avoid the risks.</p>\n<p><strong>Stephen Hawking</strong></p>",
                    "_metadata": {
                        "uid": "csd5258af2c7daecf9"
                    }
                }
            },
            {
                "rich_text_editor": {
                    "rich_text": "<p>Dignissim diam quis enim lobortis. Ultrices neque ornare aenean euismod elementum nisi. Quis lectus nulla at volutpat diam ut venenatis. Pellentesque pulvinar pellentesque habitant morbi tristique senectus et. Turpis in eu mi bibendum neque egestas congue. Dolor sit amet consectetur adipiscing elit ut. Facilisis sed odio morbi quis. Pellentesque dignissim enim sit amet venenatis urna cursus. Congue nisi vitae suscipit tellus mauris a diam maecenas sed. Id nibh tortor id aliquet lectus proin nibh. Consectetur libero id faucibus nisl. Dui faucibus in ornare quam viverra orci. Convallis posuere morbi leo urna molestie. Amet consectetur adipiscing elit pellentesque habitant morbi tristique.</p>\n<p>Nunc eget lorem dolor sed viverra ipsum. Lorem ipsum dolor sit amet consectetur adipiscing. Cursus sit amet dictum sit amet justo donec enim diam. Urna molestie at elementum eu facilisis. Enim facilisis gravida neque convallis a cras semper. Gravida rutrum quisque non tellus orci ac auctor. Sit amet nulla facilisi morbi tempus iaculis. Pretium quam vulputate dignissim suspendisse in est ante in nibh. Pellentesque dignissim enim sit amet venenatis urna cursus eget. Sollicitudin ac orci phasellus egestas tellus.<br></p>\n<p>Quisque id diam vel quam elementum pulvinar etiam non. Nullam eget felis eget nunc. Justo laoreet sit amet cursus. Amet consectetur adipiscing elit ut aliquam purus sit amet luctus. Aliquam faucibus purus in massa tempor nec feugiat nisl. Viverra orci sagittis eu volutpat odio facilisis mauris. Turpis massa tincidunt dui ut ornare. Ipsum dolor sit amet consectetur adipiscing elit ut. Felis eget nunc lobortis mattis aliquam faucibus. Aliquet enim tortor at auctor urna nunc. Varius morbi enim nunc faucibus a. Auctor augue mauris augue neque gravida in. Ut enim blandit volutpat maecenas volutpat. Amet risus nullam eget felis eget nunc lobortis. Et ligula ullamcorper malesuada proin. Facilisi cras fermentum odio eu feugiat pretium nibh ipsum consequat.</p>",
                    "_metadata": {
                        "uid": "cs3e4bc94a7105fa0a"
                    }
                }
            }
        ],
        "hero_banner": {
            "banner_title": "Blog de tecnología",
            "banner_image": {
                "uid": "blta47fbd57048b80b0",
                "created_at": "2021-03-31T12:55:32.626Z",
                "updated_at": "2021-03-31T12:55:32.626Z",
                "created_by": "blt484b7e4e3d1b7f76",
                "updated_by": "blt484b7e4e3d1b7f76",
                "content_type": "image/jpeg",
                "file_size": "104784",
                "tags": [],
                "filename": "science_and_technology.jpg",
                "url": "https://images.contentstack.io/v3/assets/bltf2f2e5d5264c97cf/blta47fbd57048b80b0/6064714442e85510bfb7460b/science_and_technology.jpg",
                "ACL": [],
                "is_dir": false,
                "_version": 1,
                "title": "science_and_technology.jpg",
                "publish_details": [
                    {
                        "environment": "blt02f91335cdb5e544",
                        "locale": "es-es",
                        "time": "2021-03-31T12:55:33.065Z",
                        "user": "blt484b7e4e3d1b7f76",
                        "version": 1
                    },
                    {
                        "environment": "bltedac9aaef6ef5918",
                        "locale": "es-es",
                        "time": "2021-03-31T12:55:33.065Z",
                        "user": "blt484b7e4e3d1b7f76",
                        "version": 1
                    },
                    {
                        "environment": "blt02f91335cdb5e544",
                        "locale": "en-us",
                        "time": "2021-03-31T12:55:33.072Z",
                        "user": "blt484b7e4e3d1b7f76",
                        "version": 1
                    },
                    {
                        "environment": "bltedac9aaef6ef5918",
                        "locale": "en-us",
                        "time": "2021-03-31T12:55:33.072Z",
                        "user": "blt484b7e4e3d1b7f76",
                        "version": 1
                    }
                ]
            }
        },
        "seo": {
            "meta_title": "Blog de ciencia y tecnología",
            "meta_description": "desc",
            "meta_keywords": "key"
        },
        "tags": [],
        "title": "Blog de ciencia y tecnología",
        "url": "/blogs/science-and-technology-blog",
        "publish_details": [
            {
                "environment": "blt02f91335cdb5e544",
                "locale": "es-es",
                "time": "2021-03-31T12:56:14.714Z",
                "user": "blt484b7e4e3d1b7f76",
                "version": 2
            },
            {
                "environment": "bltedac9aaef6ef5918",
                "locale": "es-es",
                "time": "2021-03-31T12:56:14.714Z",
                "user": "blt484b7e4e3d1b7f76",
                "version": 2
            }
        ]
    },
    "blt7f4cc5babf9e7665": {
        "locale": "es-es",
        "uid": "blt7f4cc5babf9e7665",
        "ACL": {},
        "_in_progress": false,
        "_version": 2,
        "_workflow": null,
        "author": [
            {
                "uid": "blt51ae845282512be2",
                "_content_type_uid": "author"
            }
        ],
        "blog_body": [
            {
                "rich_text_editor": {
                    "rich_text": "<p>Lorem ipsum dolor sit amet, consectetur adipiscing elit, sed do eiusmod tempor incididunt ut labore et dolore magna aliqua. Velit laoreet id donec ultrices tincidunt arcu non sodales. Dictum fusce ut placerat orci. Sed tempus urna et pharetra pharetra. Porta nibh venenatis cras sed felis eget velit aliquet sagittis. Eu consequat ac felis donec et odio pellentesque. Facilisi nullam vehicula ipsum a arcu cursus vitae. Viverra suspendisse potenti nullam ac. Venenatis lectus magna fringilla urna porttitor rhoncus dolor purus non. Et odio pellentesque diam volutpat commodo sed egestas egestas. Diam vel quam elementum pulvinar etiam non quam. Eget magna fermentum iaculis eu non diam phasellus vestibulum. Leo integer malesuada nunc vel risus. Tempus iaculis urna id volutpat lacus laoreet. Cursus in hac habitasse platea dictumst. Lectus vestibulum mattis ullamcorper velit sed. Aliquam faucibus purus in massa. Ullamcorper sit amet risus nullam eget. Scelerisque varius morbi enim nunc faucibus a pellentesque.</p>",
                    "_metadata": {
                        "uid": "cs324a1fd3ba4ae705"
                    }
                }
            },
            {
                "image_carousel": {
                    "image": [
                        {
                            "uid": "bltbd0c2f91706d019c",
                            "created_at": "2021-03-31T12:55:30.872Z",
                            "updated_at": "2021-03-31T12:55:30.872Z",
                            "created_by": "blt484b7e4e3d1b7f76",
                            "updated_by": "blt484b7e4e3d1b7f76",
                            "content_type": "image/jpeg",
                            "file_size": "301820",
                            "tags": [],
                            "filename": "gaming1.jpg",
                            "url": "https://images.contentstack.io/v3/assets/bltf2f2e5d5264c97cf/bltbd0c2f91706d019c/606471420cecff10839a3a0b/gaming1.jpg",
                            "ACL": [],
                            "is_dir": false,
                            "_version": 1,
                            "title": "gaming1.jpg",
                            "publish_details": [
                                {
                                    "environment": "blt02f91335cdb5e544",
                                    "locale": "es-es",
                                    "time": "2021-03-31T12:55:31.267Z",
                                    "user": "blt484b7e4e3d1b7f76",
                                    "version": 1
                                },
                                {
                                    "environment": "bltedac9aaef6ef5918",
                                    "locale": "es-es",
                                    "time": "2021-03-31T12:55:31.267Z",
                                    "user": "blt484b7e4e3d1b7f76",
                                    "version": 1
                                },
                                {
                                    "environment": "blt02f91335cdb5e544",
                                    "locale": "en-us",
                                    "time": "2021-03-31T12:55:31.278Z",
                                    "user": "blt484b7e4e3d1b7f76",
                                    "version": 1
                                },
                                {
                                    "environment": "bltedac9aaef6ef5918",
                                    "locale": "en-us",
                                    "time": "2021-03-31T12:55:31.278Z",
                                    "user": "blt484b7e4e3d1b7f76",
                                    "version": 1
                                }
                            ]
                        },
                        {
                            "uid": "bltd428ba60833907ae",
                            "created_at": "2021-03-31T12:55:41.956Z",
                            "updated_at": "2021-03-31T12:55:41.956Z",
                            "created_by": "blt484b7e4e3d1b7f76",
                            "updated_by": "blt484b7e4e3d1b7f76",
                            "content_type": "image/jpeg",
                            "file_size": "253305",
                            "tags": [],
                            "filename": "gaming2.jpg",
                            "url": "https://images.contentstack.io/v3/assets/bltf2f2e5d5264c97cf/bltd428ba60833907ae/6064714d742d4110d1cb102c/gaming2.jpg",
                            "ACL": [],
                            "is_dir": false,
                            "_version": 1,
                            "title": "gaming2.jpg",
                            "publish_details": [
                                {
                                    "environment": "blt02f91335cdb5e544",
                                    "locale": "es-es",
                                    "time": "2021-03-31T12:55:42.386Z",
                                    "user": "blt484b7e4e3d1b7f76",
                                    "version": 1
                                },
                                {
                                    "environment": "bltedac9aaef6ef5918",
                                    "locale": "es-es",
                                    "time": "2021-03-31T12:55:42.386Z",
                                    "user": "blt484b7e4e3d1b7f76",
                                    "version": 1
                                },
                                {
                                    "environment": "blt02f91335cdb5e544",
                                    "locale": "en-us",
                                    "time": "2021-03-31T12:55:42.395Z",
                                    "user": "blt484b7e4e3d1b7f76",
                                    "version": 1
                                },
                                {
                                    "environment": "bltedac9aaef6ef5918",
                                    "locale": "en-us",
                                    "time": "2021-03-31T12:55:42.395Z",
                                    "user": "blt484b7e4e3d1b7f76",
                                    "version": 1
                                }
                            ]
                        },
                        {
                            "uid": "blt6c22ab76ec7ed9ba",
                            "created_at": "2021-03-31T12:55:36.623Z",
                            "updated_at": "2021-03-31T12:55:36.623Z",
                            "created_by": "blt484b7e4e3d1b7f76",
                            "updated_by": "blt484b7e4e3d1b7f76",
                            "content_type": "image/jpeg",
                            "file_size": "257210",
                            "tags": [],
                            "filename": "gaming5.jpg",
                            "url": "https://images.contentstack.io/v3/assets/bltf2f2e5d5264c97cf/blt6c22ab76ec7ed9ba/60647148523b5f107686499b/gaming5.jpg",
                            "ACL": [],
                            "is_dir": false,
                            "_version": 1,
                            "title": "gaming5.jpg",
                            "publish_details": [
                                {
                                    "environment": "blt02f91335cdb5e544",
                                    "locale": "es-es",
                                    "time": "2021-03-31T12:55:37.071Z",
                                    "user": "blt484b7e4e3d1b7f76",
                                    "version": 1
                                },
                                {
                                    "environment": "bltedac9aaef6ef5918",
                                    "locale": "es-es",
                                    "time": "2021-03-31T12:55:37.072Z",
                                    "user": "blt484b7e4e3d1b7f76",
                                    "version": 1
                                },
                                {
                                    "environment": "blt02f91335cdb5e544",
                                    "locale": "en-us",
                                    "time": "2021-03-31T12:55:37.077Z",
                                    "user": "blt484b7e4e3d1b7f76",
                                    "version": 1
                                },
                                {
                                    "environment": "bltedac9aaef6ef5918",
                                    "locale": "en-us",
                                    "time": "2021-03-31T12:55:37.077Z",
                                    "user": "blt484b7e4e3d1b7f76",
                                    "version": 1
                                }
                            ]
                        }
                    ],
                    "_metadata": {
                        "uid": "cs70037eb801f23748"
                    }
                }
            },
            {
                "rich_text_editor": {
                    "rich_text": "<p>Dignissim diam quis enim lobortis. Ultrices neque ornare aenean euismod elementum nisi. Quis lectus nulla at volutpat diam ut venenatis. Pellentesque pulvinar pellentesque habitant morbi tristique senectus et. Turpis in eu mi bibendum neque egestas congue. Dolor sit amet consectetur adipiscing elit ut. Facilisis sed odio morbi quis. Pellentesque dignissim enim sit amet venenatis urna cursus. Congue nisi vitae suscipit tellus mauris a diam maecenas sed. Id nibh tortor id aliquet lectus proin nibh. Consectetur libero id faucibus nisl. Dui faucibus in ornare quam viverra orci. Convallis posuere morbi leo urna molestie. Amet consectetur adipiscing elit pellentesque habitant morbi tristique.</p>\n<p>Nunc eget lorem dolor sed viverra ipsum. Lorem ipsum dolor sit amet consectetur adipiscing. Cursus sit amet dictum sit amet justo donec enim diam. Urna molestie at elementum eu facilisis. Enim facilisis gravida neque convallis a cras semper. Gravida rutrum quisque non tellus orci ac auctor. Sit amet nulla facilisi morbi tempus iaculis. Pretium quam vulputate dignissim suspendisse in est ante in nibh. Pellentesque dignissim enim sit amet venenatis urna cursus eget. Sollicitudin ac orci phasellus egestas tellus.<br></p>\\n<p>Quisque id diam vel quam elementum pulvinar etiam non. Nullam eget felis eget nunc. Justo laoreet sit amet cursus. Amet consectetur adipiscing elit ut aliquam purus sit amet luctus. Aliquam faucibus purus in massa tempor nec feugiat nisl. Viverra orci sagittis eu volutpat odio facilisis mauris. Turpis massa tincidunt dui ut ornare. Ipsum dolor sit amet consectetur adipiscing elit ut. Felis eget nunc lobortis mattis aliquam faucibus. Aliquet enim tortor at auctor urna nunc. Varius morbi enim nunc faucibus a. Auctor augue mauris augue neque gravida in. Ut enim blandit volutpat maecenas volutpat. Amet risus nullam eget felis eget nunc lobortis. Et ligula ullamcorper malesuada proin. Facilisi cras fermentum odio eu feugiat pretium nibh ipsum consequat.</p>",
                    "_metadata": {
                        "uid": "cs2c85aa848ee4ba7f"
                    }
                }
            }
        ],
        "hero_banner": {
            "banner_title": "Jugadores",
            "banner_image": {
                "uid": "bltee41d33d2d642a1e",
                "created_at": "2021-03-31T12:55:34.442Z",
                "updated_at": "2021-03-31T12:55:34.442Z",
                "created_by": "blt484b7e4e3d1b7f76",
                "updated_by": "blt484b7e4e3d1b7f76",
                "content_type": "image/png",
                "file_size": "78256",
                "tags": [],
                "filename": "gaming-blog-post.png",
                "url": "https://images.contentstack.io/v3/assets/bltf2f2e5d5264c97cf/bltee41d33d2d642a1e/60647146c1891a10c94711e3/gaming-blog-post.png",
                "ACL": [],
                "is_dir": false,
                "_version": 1,
                "title": "gaming-blog-post.png",
                "publish_details": [
                    {
                        "environment": "blt02f91335cdb5e544",
                        "locale": "es-es",
                        "time": "2021-03-31T12:55:34.896Z",
                        "user": "blt484b7e4e3d1b7f76",
                        "version": 1
                    },
                    {
                        "environment": "bltedac9aaef6ef5918",
                        "locale": "es-es",
                        "time": "2021-03-31T12:55:34.896Z",
                        "user": "blt484b7e4e3d1b7f76",
                        "version": 1
                    },
                    {
                        "environment": "blt02f91335cdb5e544",
                        "locale": "en-us",
                        "time": "2021-03-31T12:55:34.905Z",
                        "user": "blt484b7e4e3d1b7f76",
                        "version": 1
                    },
                    {
                        "environment": "bltedac9aaef6ef5918",
                        "locale": "en-us",
                        "time": "2021-03-31T12:55:34.905Z",
                        "user": "blt484b7e4e3d1b7f76",
                        "version": 1
                    }
                ]
            }
        },
        "seo": {
            "meta_title": "Blog de juegos",
            "meta_description": "desc",
            "meta_keywords": "key"
        },
        "tags": [],
        "title": "Blog de juegos",
        "url": "/blogs/gaming-blog",
        "publish_details": [
            {
                "environment": "blt02f91335cdb5e544",
                "locale": "es-es",
                "time": "2021-03-31T12:56:15.068Z",
                "user": "blt484b7e4e3d1b7f76",
                "version": 2
            },
            {
                "environment": "bltedac9aaef6ef5918",
                "locale": "es-es",
                "time": "2021-03-31T12:56:15.068Z",
                "user": "blt484b7e4e3d1b7f76",
                "version": 2
            }
        ]
    },
    "bltda4f4eadf66c2d58": {
        "locale": "es-es",
        "uid": "bltda4f4eadf66c2d58",
        "ACL": {},
        "_in_progress": false,
        "_version": 2,
        "_workflow": null,
        "author": [
            {
                "uid": "blt45dea2c07dbe966a",
                "_content_type_uid": "author"
            }
        ],
        "blog_body": [
            {
                "rich_text_editor": {
                    "rich_text": "<p>Lorem ipsum dolor sit amet, consectetur adipiscing elit, sed do eiusmod tempor incididunt ut labore et dolore magna aliqua. Non consectetur a erat nam. Placerat duis ultricies lacus sed turpis tincidunt. Ullamcorper sit amet risus nullam eget felis eget. Congue mauris rhoncus aenean vel elit scelerisque mauris. Ullamcorper sit amet risus nullam eget felis eget nunc. Sed odio morbi quis commodo odio aenean sed adipiscing. Lectus quam id leo in vitae turpis massa sed elementum. Semper risus in hendrerit gravida rutrum quisque non tellus. Tellus orci ac auctor augue mauris augue. Est pellentesque elit ullamcorper dignissim cras. Ultrices mi tempus imperdiet nulla malesuada pellentesque elit eget. Sed turpis tincidunt id aliquet risus feugiat in ante metus. Feugiat sed lectus vestibulum mattis ullamcorper velit sed. Vel fringilla est ullamcorper eget nulla facilisi etiam. Lectus urna duis convallis convallis tellus id interdum velit. Vestibulum sed arcu non odio euismod. Faucibus et molestie ac feugiat sed lectus vestibulum. Massa enim nec dui nunc mattis enim ut. Lectus vestibulum mattis ullamcorper velit sed.<br></p>\\n<p>Commodo viverra maecenas accumsan lacus vel facilisis volutpat est. In est ante in nibh mauris. Nibh sit amet commodo nulla facilisi nullam vehicula. Amet massa vitae tortor condimentum lacinia quis vel. Amet risus nullam eget felis eget nunc. Dictum fusce ut placerat orci nulla pellentesque. Enim nunc faucibus a pellentesque sit amet porttitor eget. Quis vel eros donec ac odio tempor orci dapibus ultrices. Iaculis eu non diam phasellus vestibulum lorem sed. Ac turpis egestas maecenas pharetra convallis. Laoreet suspendisse interdum consectetur libero id faucibus. Nunc mattis enim ut tellus elementum sagittis vitae et. Enim sit amet venenatis urna. Netus et malesuada fames ac.</p>",
                    "_metadata": {
                        "uid": "cs094dd7fdba15062b"
                    }
                }
            },
            {
                "image_carousel": {
                    "image": [
                        {
                            "uid": "blt36a5caf51d685bb6",
                            "created_at": "2021-03-31T12:55:35.511Z",
                            "updated_at": "2021-03-31T12:55:35.511Z",
                            "created_by": "blt484b7e4e3d1b7f76",
                            "updated_by": "blt484b7e4e3d1b7f76",
                            "content_type": "image/jpeg",
                            "file_size": "226049",
                            "tags": [],
                            "filename": "travel-blog-1.jpg",
                            "url": "https://images.contentstack.io/v3/assets/bltf2f2e5d5264c97cf/blt36a5caf51d685bb6/606471477da84e1057ad0672/travel-blog-1.jpg",
                            "ACL": [],
                            "is_dir": false,
                            "_version": 1,
                            "title": "travel-blog-1.jpg",
                            "publish_details": [
                                {
                                    "environment": "blt02f91335cdb5e544",
                                    "locale": "es-es",
                                    "time": "2021-03-31T12:55:36.090Z",
                                    "user": "blt484b7e4e3d1b7f76",
                                    "version": 1
                                },
                                {
                                    "environment": "bltedac9aaef6ef5918",
                                    "locale": "es-es",
                                    "time": "2021-03-31T12:55:36.090Z",
                                    "user": "blt484b7e4e3d1b7f76",
                                    "version": 1
                                },
                                {
                                    "environment": "blt02f91335cdb5e544",
                                    "locale": "en-us",
                                    "time": "2021-03-31T12:55:36.098Z",
                                    "user": "blt484b7e4e3d1b7f76",
                                    "version": 1
                                },
                                {
                                    "environment": "bltedac9aaef6ef5918",
                                    "locale": "en-us",
                                    "time": "2021-03-31T12:55:36.098Z",
                                    "user": "blt484b7e4e3d1b7f76",
                                    "version": 1
                                }
                            ]
                        },
                        {
                            "uid": "bltb9eedec2a81e84b5",
                            "created_at": "2021-03-31T12:55:38.544Z",
                            "updated_at": "2021-03-31T12:55:38.544Z",
                            "created_by": "blt484b7e4e3d1b7f76",
                            "updated_by": "blt484b7e4e3d1b7f76",
                            "content_type": "image/jpeg",
                            "file_size": "250265",
                            "tags": [],
                            "filename": "travel-blog-2.jpg",
                            "url": "https://images.contentstack.io/v3/assets/bltf2f2e5d5264c97cf/bltb9eedec2a81e84b5/6064714a781dcd108e1aeed9/travel-blog-2.jpg",
                            "ACL": [],
                            "is_dir": false,
                            "_version": 1,
                            "title": "travel-blog-2.jpg",
                            "publish_details": [
                                {
                                    "environment": "blt02f91335cdb5e544",
                                    "locale": "es-es",
                                    "time": "2021-03-31T12:55:39.075Z",
                                    "user": "blt484b7e4e3d1b7f76",
                                    "version": 1
                                },
                                {
                                    "environment": "bltedac9aaef6ef5918",
                                    "locale": "es-es",
                                    "time": "2021-03-31T12:55:39.075Z",
                                    "user": "blt484b7e4e3d1b7f76",
                                    "version": 1
                                },
                                {
                                    "environment": "blt02f91335cdb5e544",
                                    "locale": "en-us",
                                    "time": "2021-03-31T12:55:39.081Z",
                                    "user": "blt484b7e4e3d1b7f76",
                                    "version": 1
                                },
                                {
                                    "environment": "bltedac9aaef6ef5918",
                                    "locale": "en-us",
                                    "time": "2021-03-31T12:55:39.081Z",
                                    "user": "blt484b7e4e3d1b7f76",
                                    "version": 1
                                }
                            ]
                        },
                        {
                            "uid": "bltc0d5891cdd299123",
                            "created_at": "2021-03-31T12:55:37.527Z",
                            "updated_at": "2021-03-31T12:55:37.527Z",
                            "created_by": "blt484b7e4e3d1b7f76",
                            "updated_by": "blt484b7e4e3d1b7f76",
                            "content_type": "image/jpeg",
                            "file_size": "57312",
                            "tags": [],
                            "filename": "travel-blog-3.jpg",
                            "url": "https://images.contentstack.io/v3/assets/bltf2f2e5d5264c97cf/bltc0d5891cdd299123/606471493cd88f11561e62d3/travel-blog-3.jpg",
                            "ACL": [],
                            "is_dir": false,
                            "_version": 1,
                            "title": "travel-blog-3.jpg",
                            "publish_details": [
                                {
                                    "environment": "blt02f91335cdb5e544",
                                    "locale": "es-es",
                                    "time": "2021-03-31T12:55:37.983Z",
                                    "user": "blt484b7e4e3d1b7f76",
                                    "version": 1
                                },
                                {
                                    "environment": "bltedac9aaef6ef5918",
                                    "locale": "es-es",
                                    "time": "2021-03-31T12:55:37.983Z",
                                    "user": "blt484b7e4e3d1b7f76",
                                    "version": 1
                                },
                                {
                                    "environment": "blt02f91335cdb5e544",
                                    "locale": "en-us",
                                    "time": "2021-03-31T12:55:37.991Z",
                                    "user": "blt484b7e4e3d1b7f76",
                                    "version": 1
                                },
                                {
                                    "environment": "bltedac9aaef6ef5918",
                                    "locale": "en-us",
                                    "time": "2021-03-31T12:55:37.991Z",
                                    "user": "blt484b7e4e3d1b7f76",
                                    "version": 1
                                }
                            ]
                        }
                    ],
                    "_metadata": {
                        "uid": "cs773a0a1a308703e0"
                    }
                }
            },
            {
                "rich_text_editor": {
                    "rich_text": "<p>Dignissim diam quis enim lobortis. Ultrices neque ornare aenean euismod elementum nisi. Quis lectus nulla at volutpat diam ut venenatis. Pellentesque pulvinar pellentesque habitant morbi tristique senectus et. Turpis in eu mi bibendum neque egestas congue. Dolor sit amet consectetur adipiscing elit ut. Facilisis sed odio morbi quis. Pellentesque dignissim enim sit amet venenatis urna cursus. Congue nisi vitae suscipit tellus mauris a diam maecenas sed. Id nibh tortor id aliquet lectus proin nibh. Consectetur libero id faucibus nisl. Dui faucibus in ornare quam viverra orci. Convallis posuere morbi leo urna molestie. Amet consectetur adipiscing elit pellentesque habitant morbi tristique.</p>\n<p>Nunc eget lorem dolor sed viverra ipsum. Lorem ipsum dolor sit amet consectetur adipiscing. Cursus sit amet dictum sit amet justo donec enim diam. Urna molestie at elementum eu facilisis. Enim facilisis gravida neque convallis a cras semper. Gravida rutrum quisque non tellus orci ac auctor. Sit amet nulla facilisi morbi tempus iaculis. Pretium quam vulputate dignissim suspendisse in est ante in nibh. Pellentesque dignissim enim sit amet venenatis urna cursus eget. Sollicitudin ac orci phasellus egestas tellus.<br></p>\n<p>Quisque id diam vel quam elementum pulvinar etiam non. Nullam eget felis eget nunc. Justo laoreet sit amet cursus. Amet consectetur adipiscing elit ut aliquam purus sit amet luctus. Aliquam faucibus purus in massa tempor nec feugiat nisl. Viverra orci sagittis eu volutpat odio facilisis mauris. Turpis massa tincidunt dui ut ornare. Ipsum dolor sit amet consectetur adipiscing elit ut. Felis eget nunc lobortis mattis aliquam faucibus. Aliquet enim tortor at auctor urna nunc. Varius morbi enim nunc faucibus a. Auctor augue mauris augue neque gravida in. Ut enim blandit volutpat maecenas volutpat. Amet risus nullam eget felis eget nunc lobortis. Et ligula ullamcorper malesuada proin. Facilisi cras fermentum odio eu feugiat pretium nibh ipsum consequat.</p>",
                    "_metadata": {
                        "uid": "cs1d3de1bedd47a923"
                    }
                }
            },
            {
                "social_network": {
                    "embedded_code": "<div class=\"twitter-tweet twitter-tweet-rendered\" style=\"display: flex;  margin-left:30%; max-width: 550px; width: 100%; margin-top: 10px; margin-bottom: 10px;\"><iframe id=\"twitter-widget-0\" scrolling=\"no\" frameborder=\"0\" allowtransparency=\"true\" allowfullscreen=\"true\" style=\"position: static; visibility: visible; width: 550px; height: 502px; display: block; flex-grow: 1;\" title=\"Twitter Tweet\" src=\"https://platform.twitter.com/embed/index.html?dnt=false&embedId=twitter-widget-0&frame=false&hideCard=false&hideThread=false&id=463440424141459456&lang=en&origin=file%3A%2F%2F%2Fhome%2Famit%2FDownloads%2Fcodebeautify%2520(2).html&theme=light&widgetsVersion=9066bb2%3A1593540614199&width=550px\" data-tweet-id=\"463440424141459456\"></iframe></div>",
                    "_metadata": {
                        "uid": "cs57df8564277c56de"
                    }
                }
            }
        ],
        "hero_banner": {
            "banner_title": "Blog de viajeros",
            "banner_image": {
                "uid": "bltfeff47308fe84aff",
                "created_at": "2021-03-31T12:55:22.337Z",
                "updated_at": "2021-03-31T12:55:22.337Z",
                "created_by": "blt484b7e4e3d1b7f76",
                "updated_by": "blt484b7e4e3d1b7f76",
                "content_type": "image/jpeg",
                "file_size": "39133",
                "tags": [],
                "filename": "travel-blog-banner.jpg",
                "url": "https://images.contentstack.io/v3/assets/bltf2f2e5d5264c97cf/bltfeff47308fe84aff/6064713aa6c54a1060f93acc/travel-blog-banner.jpg",
                "ACL": [],
                "is_dir": false,
                "_version": 1,
                "title": "travel-blog-banner.jpg",
                "publish_details": [
                    {
                        "environment": "blt02f91335cdb5e544",
                        "locale": "es-es",
                        "time": "2021-03-31T12:55:22.824Z",
                        "user": "blt484b7e4e3d1b7f76",
                        "version": 1
                    },
                    {
                        "environment": "bltedac9aaef6ef5918",
                        "locale": "es-es",
                        "time": "2021-03-31T12:55:22.824Z",
                        "user": "blt484b7e4e3d1b7f76",
                        "version": 1
                    },
                    {
                        "environment": "blt02f91335cdb5e544",
                        "locale": "en-us",
                        "time": "2021-03-31T12:55:22.832Z",
                        "user": "blt484b7e4e3d1b7f76",
                        "version": 1
                    },
                    {
                        "environment": "bltedac9aaef6ef5918",
                        "locale": "en-us",
                        "time": "2021-03-31T12:55:22.832Z",
                        "user": "blt484b7e4e3d1b7f76",
                        "version": 1
                    }
                ]
            }
        },
        "seo": {
            "meta_title": "Blog de viajes",
            "meta_description": "Desc",
            "meta_keywords": "Keywords"
        },
        "tags": [],
        "title": "Blog de viajes",
        "url": "/blogs/travel-blog",
        "publish_details": [
            {
                "environment": "blt02f91335cdb5e544",
                "locale": "es-es",
                "time": "2021-03-31T12:56:13.818Z",
                "user": "blt484b7e4e3d1b7f76",
                "version": 2
            },
            {
                "environment": "bltedac9aaef6ef5918",
                "locale": "es-es",
                "time": "2021-03-31T12:56:13.818Z",
                "user": "blt484b7e4e3d1b7f76",
                "version": 2
            }
        ]
    }
}