{"bltff9e69edf32d7cb4":{"stackHeaders":{"api_key":"bltf2f2e5d5264c97cf"},"urlPath":"/extensions/bltff9e69edf32d7cb4","created_at":"2021-03-31T12:55:46.153Z","updated_at":"2021-03-31T12:55:46.153Z","created_by":"blt484b7e4e3d1b7f76","updated_by":"blt484b7e4e3d1b7f76","tags":[],"ACL":[],"_version":1,"title":"Bynder","config":{"widgetUrl":"/bynder-widget","defaultDomain":""},"type":"field","data_type":"json","multiple":false,"srcdoc":"<!doctype html>\n<html lang=\"en\">\n\n<head>\n  <meta charset=\"UTF-8\">\n  <title>External API UI Extension Sample</title>\n  <script src=\"https://unpkg.com/@contentstack/ui-extensions-sdk@2.2.0/dist/ui-extension-sdk.js\"></script>\n  <link rel=\"stylesheet\" type=\"text/css\" href=\"https://unpkg.com/@contentstack/ui-extensions-sdk@2.2.0/dist/ui-extension-sdk.css\">\n  <style media=\"all\">\na,abbr,acronym,address,applet,article,aside,audio,b,big,blockquote,body,canvas,caption,center,cite,code,dd,del,details,dfn,div,dl,dt,em,embed,fieldset,figcaption,figure,footer,form,h1,h2,h3,h4,h5,h6,header,hgroup,html,i,iframe,img,ins,kbd,label,legend,li,mark,menu,nav,object,ol,output,p,pre,q,ruby,s,samp,section,small,span,strike,strong,sub,summary,sup,table,tbody,td,tfoot,th,thead,time,tr,tt,u,ul,var,video{margin:0;padding:0;border:0;font-size:100%;font-weight:500;font-family:'Whitney SSm A',Whitney SSm B,sans-serif,Arial;vertical-align:baseline}article,aside,details,figcaption,figure,footer,header,hgroup,menu,nav,section{display:block}ol,ul{list-style:none}blockquote,q{quotes:none}blockquote::after,blockquote::before,q::after,q::before{content:'';content:none}table{border-collapse:collapse;border-spacing:0}body{line-height:1;overflow:hidden}.wrapper{margin:0;padding:0;width:100%}.wrapper .container{width:1200px;margin:0 auto;overflow:hidden}.wrapper .container .asset_box{width:100%;float:left}.wrapper .container .asset_box .img-wrapper{position:relative}.wrapper .container .asset_box .img-wrapper p{position:absolute;bottom:4px;border-radius:4px;background-color:rgba(0,34,51,.3);color:#fff;font-size:12px;font-weight:600;line-height:22px;text-align:center;right:1px;padding:0 5px}.asset_box ul{width:55%;float:left;display:block;padding-bottom:0;overflow-y:scroll;height:270px}.asset_box ul li[id]{width:30%;float:left;display:block;margin-right:1.2%;border:1px solid transparent;padding:15px 5px 15px 0}.asset_box ul li img{width:100%;height:100px;position:relative}.asset_box ul li video{width:100%;height:100px;position:relative;background:#000}.asset_box ul li .icon{padding:32px 80px;background:#e0dddd}.asset_box span{font-size:16px;line-height:17px;display:block;color:#748590;position:absolute;bottom:0;left:0;top:35px}.asset_box .choose_asset{border:1px solid #25c2a3;border-radius:24px;font-size:14px;line-height:1.42857143;padding:5px 15px;display:inline-block;text-align:center;text-decoration:none;color:#25c2a3;cursor:pointer;position:absolute;margin:0 auto;bottom:20px;left:0}.wrapper .container .list_section{width:100%;display:none;float:left}.close{position:absolute;top:1px;right:1px;opacity:.3;display:block;box-sizing:border-box;width:20px;height:20px;border-width:3px;border-style:solid;border-color:#5a5a5a;border-radius:100%;background:-webkit-linear-gradient(-45deg,transparent 0,transparent 46%,#fff 46%,#fff 56%,transparent 56%,transparent 100%),-webkit-linear-gradient(45deg,transparent 0,transparent 46%,#fff 46%,#fff 56%,transparent 56%,transparent 100%);background-color:#777;box-shadow:0 0 5px 2px rgba(0,0,0,.5);transition:all .3s ease;z-index:9}.close:hover{opacity:1}::-webkit-scrollbar{width:6px}::-webkit-scrollbar-track{border-radius:10px;background-color:transparent}::-webkit-scrollbar-thumb{border-radius:6px;background:#dfe2e9}\n</style>\n  <script type=\"text/javascript\" src=\"https://code.jquery.com/jquery-1.x-git.min.js\"></script>\n</head>\n\n<body>\n  <div class=\"wrapper\">\n    <div class=\"container\">\n      <div class=\"reference-loading\">\n        <div class=\"loading-flash\">\n          <div></div>\n          <div></div>\n          <div></div>\n          <div></div>\n        </div>\n      </div>\n      <div class=\"asset_box\" style=\"display: none;\">\n        <ul></ul>\n        <span>No Asset Selected</span>\n        <div class=\"choose_asset\" id=\"open-btn\">Choose Assets</div>\n      </div>\n    </div>\n  </div>\n\n  <script>\n\"use strict\";function _slicedToArray(e,t){return _arrayWithHoles(e)||_iterableToArrayLimit(e,t)||_unsupportedIterableToArray(e,t)||_nonIterableRest()}function _nonIterableRest(){throw new TypeError(\"Invalid attempt to destructure non-iterable instance.\\nIn order to be iterable, non-array objects must have a [Symbol.iterator]() method.\")}function _unsupportedIterableToArray(e,t){if(e){if(\"string\"==typeof e)return _arrayLikeToArray(e,t);var n=Object.prototype.toString.call(e).slice(8,-1);return\"Object\"===n&&e.constructor&&(n=e.constructor.name),\"Map\"===n||\"Set\"===n?Array.from(e):\"Arguments\"===n||/^(?:Ui|I)nt(?:8|16|32)(?:Clamped)?Array$/.test(n)?_arrayLikeToArray(e,t):void 0}}function _arrayLikeToArray(e,t){(null==t||t>e.length)&&(t=e.length);for(var n=0,a=new Array(t);n<t;n++)a[n]=e[n];return a}function _iterableToArrayLimit(e,t){if(\"undefined\"!=typeof Symbol&&Symbol.iterator in Object(e)){var n=[],a=!0,r=!1,i=void 0;try{for(var o,s=e[Symbol.iterator]();!(a=(o=s.next()).done)&&(n.push(o.value),!t||n.length!==t);a=!0);}catch(e){r=!0,i=e}finally{try{a||null==s.return||s.return()}finally{if(r)throw i}}return n}}function _arrayWithHoles(e){if(Array.isArray(e))return e}var extensionField,initialValue,assets={},assetList=$(\".asset_box ul\"),loader=$(\".reference-loading\");function render(){var e=[];assetList.empty();for(var t=0,n=Object.entries(assets);t<n.length;t++){var a=_slicedToArray(n[t],2),r=(a[0],a[1]);e.push(r);a=r.derivatives.webImage.split(\".\"),a=a[a.length-1];assetList.append('<li id=\"'.concat(r.name,'\">\\n        <section class=\"img-wrapper\"><a class=\"close\"/>\\n        <img src=\"').concat(r.derivatives.webImage,'\" alt=\"').concat(r.name,'\"/>\\n        <p>').concat(a.toUpperCase(),\"</p></section></li>\"))}0<Object.keys(assets).length?$(\".asset_box span\").hide():$(\".asset_box span\").show(),$(\".close\").click(function(){var e=$(this).parent().parent().attr(\"id\");delete assets[e],render()}),extensionField.field.setData(e)}function isEmpty(e){for(var t in e)if(Object.prototype.hasOwnProperty.call(e,t))return!1;return!0}function saveData(e){try{var t=JSON.parse(e.data);void 0!==t.data&&null!==t.data&&(t.data.forEach(function(e){assets[e.name]=e}),render())}catch(e){console.log(\"Error\",e)}}function openWidget(){var e=extensionField.config.widgetUrl+\"?defaultDomain=\"+extensionField.config.defaultDomain;window.open(e,\"popUpWindow\",\"height=500,width=1200,left=100,top=100,toolbar=no,menubar=no, status=no\"),window.addEventListener(\"message\",saveData,!1)}$(document).ready(function(){ContentstackUIExtension.init().then(function(e){extensionField=e,Object.assign(extensionField.config,extensionField.fieldConfig),loader.show(),$(\"#open-btn\").click(function(){openWidget()}),isEmpty(initialValue=extensionField&&extensionField.field&&extensionField.field.getData()?extensionField.field.getData():null)?setTimeout(function(){$(\".asset_box span\").show(),loader.hide(),$(\".asset_box\").show()},1e3):(setTimeout(function(){$(\".asset_box span\").hide(),loader.hide(),$(\".asset_box\").show()},1e3),initialValue.forEach(function(e){assets[e.name]=e}),render()),extensionField.window.updateHeight(335)})});\n</script>\n</body>\n\n</html>"},"blt953d9a2ae3a98fe7":{"stackHeaders":{"api_key":"bltf2f2e5d5264c97cf"},"urlPath":"/extensions/blt953d9a2ae3a98fe7","created_at":"2021-03-31T12:55:46.538Z","updated_at":"2021-03-31T12:55:46.538Z","created_by":"blt484b7e4e3d1b7f76","updated_by":"blt484b7e4e3d1b7f76","tags":[],"ACL":[],"_version":1,"title":"demo1234","config":{"apiKey":"blt9a66fc0dee28e4d0","managementToken":"cs91f6cf9b00b10d673a4d7651"},"type":"field","data_type":"json","multiple":true,"srcdoc":"<!doctype html>\n<html lang=\"en\">\n\n<head>\n  <meta charset=\"UTF-8\">\n  <title>Contentstack Field Extension</title>\n  <script src=\"https://www.contentstack.com/sdks/contentstack-ui-extensions/dist/latest/ui-extension-sdk.js\"></script>\n  <link href=\"https://www.contentstack.com/sdks/contentstack-ui-extensions/dist/1.1.0/ui-extension-sdk.css\" rel=\"stylesheet\" type=\"text/css\" media=\"all\">\n  <style media=\"all\">\n#load-more-button,.button{text-decoration:none;text-align:center}#load-more-button{border-radius:0!important;font-size:14px;line-height:1.42857143;color:#25c2a3!important;width:100%!important}#close-button{width:auto;color:#fff;font-size:18px;padding:3px 4px 1px;background:#000;border-radius:50%;border:2px solid #fff;line-height:11px;box-sizing:border-box;text-align:center;font-weight:700;position:absolute;right:3px;top:5px}#close-button:hover{cursor:pointer;color:#d1d3d6}.loadspin{align-content:center!important;background:url(https://images.contentstack.io/v3/assets/bltd1343376dfba54d2/blta0b4f830d61ba527/5b58019b4f5e9b551d22f4f9/loading.gif) 40% 3px no-repeat!important;pointer-events:none}.button{border-radius:24px;font-size:14px;line-height:1.42857143;color:#25c2a3!important;width:120px}#message-container{color:#f77d7a}.loader{display:none}.wrapper{margin:-12px;padding:0;width:100%}#selected-asset{width:100%;display:block;overflow:hidden;clear:both}#selected-asset li{display:block;border:2px solid #ccc;position:relative;margin-bottom:15px;cursor:pointer}#selected-asset li span.title{font-size:16px;line-height:20px;padding:10px 10px 5px;display:block;color:#748590;border-radius:32px}.wrapper .container #choose-asset-section{width:100%;display:none}.wrapper .container #choose-asset-section form{padding:15px 0}#choose-asset-section ul li .box{min-height:185px;margin-bottom:15px;cursor:pointer}#choose-asset-section ul li section img{width:100%;height:100%;position:relative}#choose-asset-section ul li span.title{display:-webkit-box;max-width:100%;height:41px;margin:0 auto;line-height:1;-webkit-line-clamp:2;-webkit-box-orient:vertical;overflow:hidden;text-overflow:ellipsis;font-size:16px;padding:10px 10px 5px;color:#748590}.reference-loading .loader,.reference-loading .loader::after,.reference-loading .loader::before{border-radius:50%;width:1.3em;height:1.3em;-webkit-animation:load7 1.8s infinite ease-in-out;animation:load7 1.8s infinite ease-in-out}.reference-loading .loader{color:#25c2a3;font-size:10px;position:relative;text-indent:-9999em;-webkit-transform:translateZ(0);-ms-transform:translateZ(0);transform:translateZ(0);-webkit-animation-delay:-.16s;animation-delay:-.16s;top:-20px;margin-left:6%}.reference-loading .loader::after,.reference-loading .loader::before{content:'';position:absolute;top:0}.reference-loading .loader::before{left:-2.5em;-webkit-animation-delay:-.32s;animation-delay:-.32s}.reference-loading .loader::after{left:2.5em}#choose-asset-section ul li a img{width:100%;height:150px;position:relative}.reference-loading{display:inline-block;margin-left:50px;width:50%}.reference-loading .loading{text-align:center;margin:20px auto}.reference-loading .loading-flash div{border-radius:50%;height:10px;width:10px;display:inline-block;box-sizing:border-box;background:#25c2a3}.reference-loading .loading-flash div:nth-of-type(4){animation:flash .4s .5s ease-in-out infinite}.reference-loading .loading-flash div:nth-of-type(3){animation:flash .4s .2s linear infinite}.reference-loading .loading-flash div:nth-of-type(2){animation:flash .4s -.1s linear infinite}.reference-loading .loading-flash div:nth-of-type(1){animation:flash .4s -.4s linear infinite}img.thumbnail{width:100%;min-height:120px}ul#asset-list{margin-top:10px}body{border:1px solid #e6eced;background-color:#f7fbfc}.container{padding:15px}\n</style>\n  <style media=\"all\">\n/*!\n * Bootstrap v3.3.7 (http://getbootstrap.com)\n * Copyright 2011-2018 Twitter,\n  Inc.\n * Licensed under MIT (https://github.com/twbs/bootstrap/blob/master/LICENSE)\n *//*!\n * Generated using the Bootstrap Customizer (<none>)\n * Config saved to config.json and <none>\n *//*!\n * Bootstrap v3.3.7 (http://getbootstrap.com)\n * Copyright 2011-2016 Twitter,\n  Inc.\n * Licensed under MIT (https://github.com/twbs/bootstrap/blob/master/LICENSE)\n *//*! normalize.css v3.0.3 | MIT License | github.com/necolas/normalize.css */.container,.container-fluid{margin-right:auto;margin-left:auto;padding-left:15px;padding-right:15px}@media (min-width:768px){.container{width:750px}}@media (min-width:992px){.container{width:970px}}@media (min-width:1200px){.container{width:1170px}}.row{margin-left:-15px;margin-right:-15px}.col-lg-1,.col-lg-10,.col-lg-11,.col-lg-12,.col-lg-2,.col-lg-3,.col-lg-4,.col-lg-5,.col-lg-6,.col-lg-7,.col-lg-8,.col-lg-9,.col-md-1,.col-md-10,.col-md-11,.col-md-12,.col-md-2,.col-md-3,.col-md-4,.col-md-5,.col-md-6,.col-md-7,.col-md-8,.col-md-9,.col-sm-1,.col-sm-10,.col-sm-11,.col-sm-12,.col-sm-2,.col-sm-3,.col-sm-4,.col-sm-5,.col-sm-6,.col-sm-7,.col-sm-8,.col-sm-9,.col-xs-1,.col-xs-10,.col-xs-11,.col-xs-12,.col-xs-2,.col-xs-3,.col-xs-4,.col-xs-5,.col-xs-6,.col-xs-7,.col-xs-8,.col-xs-9{position:relative;min-height:1px;padding-left:15px;padding-right:15px}.col-xs-1,.col-xs-10,.col-xs-11,.col-xs-12,.col-xs-2,.col-xs-3,.col-xs-4,.col-xs-5,.col-xs-6,.col-xs-7,.col-xs-8,.col-xs-9{float:left}.col-xs-12{width:100%}.col-xs-11{width:91.66666667%}.col-xs-10{width:83.33333333%}.col-xs-9{width:75%}.col-xs-8{width:66.66666667%}.col-xs-7{width:58.33333333%}.col-xs-6{width:50%}.col-xs-5{width:41.66666667%}.col-xs-4{width:33.33333333%}.col-xs-3{width:25%}.col-xs-2{width:16.66666667%}.col-xs-1{width:8.33333333%}.col-xs-pull-12{right:100%}.col-xs-pull-11{right:91.66666667%}.col-xs-pull-10{right:83.33333333%}.col-xs-pull-9{right:75%}.col-xs-pull-8{right:66.66666667%}.col-xs-pull-7{right:58.33333333%}.col-xs-pull-6{right:50%}.col-xs-pull-5{right:41.66666667%}.col-xs-pull-4{right:33.33333333%}.col-xs-pull-3{right:25%}.col-xs-pull-2{right:16.66666667%}.col-xs-pull-1{right:8.33333333%}.col-xs-pull-0{right:auto}.col-xs-push-12{left:100%}.col-xs-push-11{left:91.66666667%}.col-xs-push-10{left:83.33333333%}.col-xs-push-9{left:75%}.col-xs-push-8{left:66.66666667%}.col-xs-push-7{left:58.33333333%}.col-xs-push-6{left:50%}.col-xs-push-5{left:41.66666667%}.col-xs-push-4{left:33.33333333%}.col-xs-push-3{left:25%}.col-xs-push-2{left:16.66666667%}.col-xs-push-1{left:8.33333333%}.col-xs-push-0{left:auto}.col-xs-offset-12{margin-left:100%}.col-xs-offset-11{margin-left:91.66666667%}.col-xs-offset-10{margin-left:83.33333333%}.col-xs-offset-9{margin-left:75%}.col-xs-offset-8{margin-left:66.66666667%}.col-xs-offset-7{margin-left:58.33333333%}.col-xs-offset-6{margin-left:50%}.col-xs-offset-5{margin-left:41.66666667%}.col-xs-offset-4{margin-left:33.33333333%}.col-xs-offset-3{margin-left:25%}.col-xs-offset-2{margin-left:16.66666667%}.col-xs-offset-1{margin-left:8.33333333%}.col-xs-offset-0{margin-left:0}@media (min-width:768px){.col-sm-1,.col-sm-10,.col-sm-11,.col-sm-12,.col-sm-2,.col-sm-3,.col-sm-4,.col-sm-5,.col-sm-6,.col-sm-7,.col-sm-8,.col-sm-9{float:left}.col-sm-12{width:100%}.col-sm-11{width:91.66666667%}.col-sm-10{width:83.33333333%}.col-sm-9{width:75%}.col-sm-8{width:66.66666667%}.col-sm-7{width:58.33333333%}.col-sm-6{width:50%}.col-sm-5{width:41.66666667%}.col-sm-4{width:33.33333333%}.col-sm-3{width:25%}.col-sm-2{width:16.66666667%}.col-sm-1{width:8.33333333%}.col-sm-pull-12{right:100%}.col-sm-pull-11{right:91.66666667%}.col-sm-pull-10{right:83.33333333%}.col-sm-pull-9{right:75%}.col-sm-pull-8{right:66.66666667%}.col-sm-pull-7{right:58.33333333%}.col-sm-pull-6{right:50%}.col-sm-pull-5{right:41.66666667%}.col-sm-pull-4{right:33.33333333%}.col-sm-pull-3{right:25%}.col-sm-pull-2{right:16.66666667%}.col-sm-pull-1{right:8.33333333%}.col-sm-pull-0{right:auto}.col-sm-push-12{left:100%}.col-sm-push-11{left:91.66666667%}.col-sm-push-10{left:83.33333333%}.col-sm-push-9{left:75%}.col-sm-push-8{left:66.66666667%}.col-sm-push-7{left:58.33333333%}.col-sm-push-6{left:50%}.col-sm-push-5{left:41.66666667%}.col-sm-push-4{left:33.33333333%}.col-sm-push-3{left:25%}.col-sm-push-2{left:16.66666667%}.col-sm-push-1{left:8.33333333%}.col-sm-push-0{left:auto}.col-sm-offset-12{margin-left:100%}.col-sm-offset-11{margin-left:91.66666667%}.col-sm-offset-10{margin-left:83.33333333%}.col-sm-offset-9{margin-left:75%}.col-sm-offset-8{margin-left:66.66666667%}.col-sm-offset-7{margin-left:58.33333333%}.col-sm-offset-6{margin-left:50%}.col-sm-offset-5{margin-left:41.66666667%}.col-sm-offset-4{margin-left:33.33333333%}.col-sm-offset-3{margin-left:25%}.col-sm-offset-2{margin-left:16.66666667%}.col-sm-offset-1{margin-left:8.33333333%}.col-sm-offset-0{margin-left:0}}@media (min-width:992px){.col-md-1,.col-md-10,.col-md-11,.col-md-12,.col-md-2,.col-md-3,.col-md-4,.col-md-5,.col-md-6,.col-md-7,.col-md-8,.col-md-9{float:left}.col-md-12{width:100%}.col-md-11{width:91.66666667%}.col-md-10{width:83.33333333%}.col-md-9{width:75%}.col-md-8{width:66.66666667%}.col-md-7{width:58.33333333%}.col-md-6{width:50%}.col-md-5{width:41.66666667%}.col-md-4{width:33.33333333%}.col-md-3{width:25%}.col-md-2{width:16.66666667%}.col-md-1{width:8.33333333%}.col-md-pull-12{right:100%}.col-md-pull-11{right:91.66666667%}.col-md-pull-10{right:83.33333333%}.col-md-pull-9{right:75%}.col-md-pull-8{right:66.66666667%}.col-md-pull-7{right:58.33333333%}.col-md-pull-6{right:50%}.col-md-pull-5{right:41.66666667%}.col-md-pull-4{right:33.33333333%}.col-md-pull-3{right:25%}.col-md-pull-2{right:16.66666667%}.col-md-pull-1{right:8.33333333%}.col-md-pull-0{right:auto}.col-md-push-12{left:100%}.col-md-push-11{left:91.66666667%}.col-md-push-10{left:83.33333333%}.col-md-push-9{left:75%}.col-md-push-8{left:66.66666667%}.col-md-push-7{left:58.33333333%}.col-md-push-6{left:50%}.col-md-push-5{left:41.66666667%}.col-md-push-4{left:33.33333333%}.col-md-push-3{left:25%}.col-md-push-2{left:16.66666667%}.col-md-push-1{left:8.33333333%}.col-md-push-0{left:auto}.col-md-offset-12{margin-left:100%}.col-md-offset-11{margin-left:91.66666667%}.col-md-offset-10{margin-left:83.33333333%}.col-md-offset-9{margin-left:75%}.col-md-offset-8{margin-left:66.66666667%}.col-md-offset-7{margin-left:58.33333333%}.col-md-offset-6{margin-left:50%}.col-md-offset-5{margin-left:41.66666667%}.col-md-offset-4{margin-left:33.33333333%}.col-md-offset-3{margin-left:25%}.col-md-offset-2{margin-left:16.66666667%}.col-md-offset-1{margin-left:8.33333333%}.col-md-offset-0{margin-left:0}}@media (min-width:1200px){.col-lg-1,.col-lg-10,.col-lg-11,.col-lg-12,.col-lg-2,.col-lg-3,.col-lg-4,.col-lg-5,.col-lg-6,.col-lg-7,.col-lg-8,.col-lg-9{float:left}.col-lg-12{width:100%}.col-lg-11{width:91.66666667%}.col-lg-10{width:83.33333333%}.col-lg-9{width:75%}.col-lg-8{width:66.66666667%}.col-lg-7{width:58.33333333%}.col-lg-6{width:50%}.col-lg-5{width:41.66666667%}.col-lg-4{width:33.33333333%}.col-lg-3{width:25%}.col-lg-2{width:16.66666667%}.col-lg-1{width:8.33333333%}.col-lg-pull-12{right:100%}.col-lg-pull-11{right:91.66666667%}.col-lg-pull-10{right:83.33333333%}.col-lg-pull-9{right:75%}.col-lg-pull-8{right:66.66666667%}.col-lg-pull-7{right:58.33333333%}.col-lg-pull-6{right:50%}.col-lg-pull-5{right:41.66666667%}.col-lg-pull-4{right:33.33333333%}.col-lg-pull-3{right:25%}.col-lg-pull-2{right:16.66666667%}.col-lg-pull-1{right:8.33333333%}.col-lg-pull-0{right:auto}.col-lg-push-12{left:100%}.col-lg-push-11{left:91.66666667%}.col-lg-push-10{left:83.33333333%}.col-lg-push-9{left:75%}.col-lg-push-8{left:66.66666667%}.col-lg-push-7{left:58.33333333%}.col-lg-push-6{left:50%}.col-lg-push-5{left:41.66666667%}.col-lg-push-4{left:33.33333333%}.col-lg-push-3{left:25%}.col-lg-push-2{left:16.66666667%}.col-lg-push-1{left:8.33333333%}.col-lg-push-0{left:auto}.col-lg-offset-12{margin-left:100%}.col-lg-offset-11{margin-left:91.66666667%}.col-lg-offset-10{margin-left:83.33333333%}.col-lg-offset-9{margin-left:75%}.col-lg-offset-8{margin-left:66.66666667%}.col-lg-offset-7{margin-left:58.33333333%}.col-lg-offset-6{margin-left:50%}.col-lg-offset-5{margin-left:41.66666667%}.col-lg-offset-4{margin-left:33.33333333%}.col-lg-offset-3{margin-left:25%}.col-lg-offset-2{margin-left:16.66666667%}.col-lg-offset-1{margin-left:8.33333333%}.col-lg-offset-0{margin-left:0}}\n</style>\n  <script src=\"https://code.jquery.com/jquery-1.11.1.min.js\" integrity=\"sha256-VAvG3sHdS5LqTT+5A/aeq/bZGa/Uj04xKxY8KM/w9EE=\" crossorigin=\"anonymous\"></script>\n</head>\n\n<body>\n  <div class=\"wrapper\">\n    <div class=\"container\">\n      <div class=\"description_box\">\n        <div id=\"selected-asset\" class=\"row\">\n        </div>\n        <button style=\"display: none\" id=\"choose-button\" class=\"btn cs-btn-primary button\">Choose Assets</button>\n        <button id=\"hide-button\" style=\"display: none\" class=\"btn cs-btn-primary button\">Hide Assets</button>\n        <div class=\"reference-loading\">\n          <div class=\"loading-flash\">\n            <div></div>\n            <div></div>\n            <div></div>\n            <div></div>\n          </div>\n        </div>\n      </div>\n      <!-- list section start  here -->\n      <div id=\"choose-asset-section\">\n        <div id=\"message-container\" class=\"invalid\"> No assets Found</div>\n        <ul id=\"asset-list\" class=\"row\">\n        </ul>\n        <button id=\"load-more-button\" style=\"display: none\" onclick=\"loadMore()\" class=\"btn cs-btn-primary\">Load\n          More</button>\n      </div>\n      <!-- list section ends  here -->\n    </div>\n  </div>\n  <script>\n\"use strict\";var _createClass=function(){function e(t,s){for(var i=0;i<s.length;i++){var e=s[i];e.enumerable=e.enumerable||!1,e.configurable=!0,\"value\"in e&&(e.writable=!0),Object.defineProperty(t,e.key,e)}}return function(t,s,i){return s&&e(t.prototype,s),i&&e(t,i),t}}();function _toConsumableArray(t){if(Array.isArray(t)){for(var s=0,i=Array(t.length);s<t.length;s++)i[s]=t[s];return i}return Array.from(t)}function _classCallCheck(t,s){if(!(t instanceof s))throw new TypeError(\"Cannot call a class as a function\")}var extensionField=void 0,loader=void 0,assetList=void 0,messageContainer=void 0,stack=void 0,previousQuery=void 0,loadMoreButton=void 0,searchInput=void 0,hideButton=void 0,chooseButton=void 0,assetListSection=void 0,initialResponse=void 0,currentAssetList=[],storedData=[],stackData=function(){function t(){_classCallCheck(this,t)}return _createClass(t,[{key:\"getAsset\",value:function(){var e=void 0;return new Promise(function(s,i){fetch(\"https://api.contentstack.io/v3/assets\",{method:\"GET\",headers:{api_key:extensionField.config.apiKey,authorization:extensionField.config.managementToken}}).then(function(t){return e=t.status,t.json()}).then(function(t){if(200===e)return s(t);throw Error(\"Failed to fetch\")}).catch(function(t){i(t)})})}}]),t}(),close=function(){hideButton.hide(),chooseButton.show(),assetListSection.hide()};$(\"body\").on(\"click\",\".mainDiv\",function(s){var i=void 0;storedData.map(function(t){t.uid===s.currentTarget.id&&(i=storedData.indexOf(t))}),storedData.splice(i,1),$(\"#\"+s.currentTarget.id).empty(),extensionField.field.setData(storedData)});var selectAsset=function(t){var s=t.map(function(t){return t.filename.includes(\".html\")?\"<div  id='\"+t.uid+'\\' class=\"col-xs-6 col-sm-4 col-md-3 mainDiv\"  title=\"'+t.title+'\"><li>\\n      <div class=\"img-wrapper\">\\n          <img class=\"thumbnail\"   src=\"https://image.flaticon.com/icons/svg/29/29104.svg\">\\n      </div>\\n      <span class=\"title truncate\">'+t.title+'</span>\\n      <span title=\"Remove asset\" id=\"close-button\">×</span>\\n  \\n  </li></div>':t.filename.includes(\".pdf\")?\"<div  id='\"+t.uid+'\\' class=\"col-xs-6 col-sm-4 col-md-3 mainDiv\"  title=\"'+t.title+'\"><li>\\n    <div class=\"img-wrapper\">\\n        <img class=\"thumbnail\" src=\"https://store-images.s-microsoft.com/image/apps.34961.13510798887621962.47b62c4c-a0c6-4e3c-87bb-509317d9c364.a6354b48-c68a-47fa-b69e-4cb592d42ffc?mode=scale&q=90&h=300&w=300\">\\n    </div>\\n    <span class=\"title truncate\">'+t.title+'</span>\\n    <span title=\"Remove asset\" id=\"close-button\">×</span>\\n\\n</li></div>':t.filename.includes(\".docx\")?\"<div  id='\"+t.uid+'\\' class=\"col-xs-6 col-sm-4 col-md-3 mainDiv\"  title=\"'+t.title+'\"><li>\\n  <div class=\"img-wrapper\">\\n      <img class=\"thumbnail\" src=\"https://upload.wikimedia.org/wikipedia/commons/f/fb/.docx_icon.svg\">\\n  </div>\\n  <span class=\"title truncate\">'+t.title+'</span>\\n  <span title=\"Remove asset\" id=\"close-button\">×</span>\\n\\n</li></div>':t.filename.includes(\".mp4\")?\"<div  id='\"+t.uid+'\\' class=\"col-xs-6 col-sm-4 col-md-3 mainDiv\"  title=\"'+t.title+'\"><li>\\n  <div class=\"img-wrapper\">\\n      <img class=\"thumbnail\" src=\"https://encrypted-tbn0.gstatic.com/images?q=tbn%3AANd9GcQLkjO4cDohEyT1VvMBaxs6EWcqKdw7Qz_pKA&usqp=CAU\">\\n  </div>\\n  <span class=\"title truncate\">'+t.title+'</span>\\n  <span title=\"Remove asset\" id=\"close-button\">×</span>\\n\\n</li></div>':t.filename.includes(\".xlsx\")?\"<div  id='\"+t.uid+'\\' class=\"col-xs-6 col-sm-4 col-md-3 mainDiv\"  title=\"'+t.title+'\"><li>\\n  <div class=\"img-wrapper\">\\n      <img class=\"thumbnail\" src=\"https://cdn4.iconfinder.com/data/icons/logos-and-brands/512/119_Excel_logo_logos-512.png\">\\n  </div>\\n  <span class=\"title truncate\">'+t.title+'</span>\\n  <span title=\"Remove asset\" id=\"close-button\">×</span>\\n\\n</li></div>':\"<div  id='\"+t.uid+'\\' class=\"col-xs-6 col-sm-4 col-md-3 mainDiv\"  title=\"'+t.title+'\"><li>\\n  <div class=\"img-wrapper\">\\n      <img class=\"thumbnail\" src='+t.url+'>\\n  </div>\\n  <span class=\"title truncate\">'+t.title+'</span>\\n  <span title=\"Remove asset\" id=\"close-button\">×</span>\\n\\n</li></div>'});$(\"#selected-asset\").html(s)},reset=function(){return previousQuery=\"\",assetList.empty(),currentAssetList=[],searchInput.val(\"\"),render(initialResponse)},domChangeListener=function(){$(\"#asset-list li\").click(function(s){var t=currentAssetList.find(function(t){return t.uid===s.currentTarget.id});storedData.push(t),extensionField.field.setData(storedData).then(function(){selectAsset(storedData),close()})})},displayMessage=function(){var t=0<arguments.length&&void 0!==arguments[0]?arguments[0]:\"No assets found\";messageContainer.text(t),messageContainer.show(),loader.hide()},render=function(t){var s;0===t.assets.length&&(console.log(\"empty\"),loader.hide(),assetList.empty(),displayMessage()),(s=currentAssetList).push.apply(s,_toConsumableArray(t.assets)),loader.hide(),0!=currentAssetList.length&&messageContainer.hide(),t.assets.map(function(t,s){return t.filename.includes(\".pdf\")?assetList.append('<li class=\"col-xs-6 col-sm-4 col-md-3\" title=\"'+t.title+'\"  id=\"'+t.uid+'\">\\n      <div class=\"box\">\\n      <div class=\"img-wrapper\">\\n        <img class=\"thumbnail\" src=\"https://store-images.s-microsoft.com/image/apps.34961.13510798887621962.47b62c4c-a0c6-4e3c-87bb-509317d9c364.a6354b48-c68a-47fa-b69e-4cb592d42ffc?mode=scale&q=90&h=300&w=300\" alt=\"image-6\"> \\n      </div>\\n      <span class=\"title truncate\">'+t.title+\"</span>\\n      </div>\\n      \\n    </li>\"):t.filename.includes(\".docx\")?assetList.append('<li class=\"col-xs-6 col-sm-4 col-md-3\" title=\"'+t.title+'\"  id=\"'+t.uid+'\">\\n                              <div class=\"box\">\\n                              <div class=\"img-wrapper\">\\n                                <img class=\"thumbnail\" src=\"https://upload.wikimedia.org/wikipedia/commons/f/fb/.docx_icon.svg\" alt=\"image-6\"> \\n                              </div>\\n                              <span class=\"title truncate\">'+t.title+\"</span>\\n                              </div>\\n                          </li>\"):t.filename.includes(\".mp4\")?assetList.append('<li class=\"col-xs-6 col-sm-4 col-md-3\" title=\"'+t.title+'\"  id=\"'+t.uid+'\">\\n      <div class=\"box\">\\n      <div class=\"img-wrapper\">\\n        <img class=\"thumbnail\" src=\"https://encrypted-tbn0.gstatic.com/images?q=tbn%3AANd9GcQLkjO4cDohEyT1VvMBaxs6EWcqKdw7Qz_pKA&usqp=CAU\" alt=\"image-6\"> \\n      </div>\\n      <span class=\"title truncate\">'+t.title+\"</span>\\n      </div>\\n  </li>\"):t.filename.includes(\".html\")?assetList.append('<li class=\"col-xs-6 col-sm-4 col-md-3\" title=\"'+t.title+'\"  id=\"'+t.uid+'\">\\n    <div class=\"box\">\\n    <div class=\"img-wrapper\">\\n      <img class=\"thumbnail\" src=\"https://image.flaticon.com/icons/svg/29/29104.svg\" alt=\"image-6\"> \\n    </div>\\n    <span class=\"title truncate\">'+t.title+\"</span>\\n    </div>\\n</li>\"):t.filename.includes(\".xlsx\")?assetList.append('<li class=\"col-xs-6 col-sm-4 col-md-3\" title=\"'+t.title+'\"  id=\"'+t.uid+'\">\\n      <div class=\"box\">\\n      <div class=\"img-wrapper\">\\n        <img class=\"thumbnail\" src=\"https://cdn4.iconfinder.com/data/icons/logos-and-brands/512/119_Excel_logo_logos-512.png\" alt=\"image-6\"> \\n      </div>\\n      <span class=\"title truncate\">'+t.title+\"</span>\\n      </div>\\n  </li>\"):void assetList.append('<li class=\"col-xs-6 col-sm-4 col-md-3\" title=\"'+t.title+'\"  id=\"'+t.uid+'\">\\n    <div class=\"box\">\\n    <div class=\"img-wrapper\">\\n      <img class=\"thumbnail\" src=\"'+t.url+'\" alt=\"image-6\"> \\n    </div>\\n    <span class=\"title truncate\">'+t.title+\"</span>\\n    </div>\\n</li>\")}),domChangeListener()},initializeAssetList=function(){messageContainer=$(\"#message-container\"),loader=$(\".reference-loading\"),assetList=$(\"#asset-list\"),assetListSection=$(\"#choose-asset-section\"),(stack=new stackData(extensionField.config)).getAsset().then(function(t){render(initialResponse=t),chooseButton.show()}).catch(function(t){console.log(t)})},initializeButtons=function(){loadMoreButton=$(\"#load-more-button\"),searchInput=$(\"#search-input\"),hideButton=$(\"#hide-button\"),(chooseButton=$(\"#choose-button\")).click(function(){hideButton.show(),chooseButton.hide(),assetListSection.show(),reset()}),hideButton.click(close)};$(document).ready(function(){ContentstackUIExtension.init().then(function(t){(extensionField=t).window.enableAutoResizing();var s=extensionField.field.getData();storedData=extensionField.field.getData(),s&&!$.isEmptyObject(s)&&selectAsset(s),initializeAssetList(),initializeButtons()})});\n</script>\n</body>\n\n</html>"},"bltdc09b1c8a2957b1e":{"stackHeaders":{"api_key":"bltf2f2e5d5264c97cf"},"urlPath":"/extensions/bltdc09b1c8a2957b1e","created_at":"2021-03-31T12:55:46.963Z","updated_at":"2021-03-31T12:55:46.963Z","created_by":"blt484b7e4e3d1b7f76","updated_by":"blt484b7e4e3d1b7f76","tags":[],"ACL":[],"_version":1,"title":"Entry Browser","config":{},"type":"field","data_type":"json","multiple":false,"srcdoc":"<!doctype html>\n<html lang=\"en\">\n\n<head>\n  <meta charset=\"UTF-8\">\n  <title>External API UI Extension Sample</title>\n  <script type=\"text/javascript\" src=\"https://code.jquery.com/jquery-1.x-git.min.js\"></script>\n  <style>\n      /* CSS RESET */\n\nhtml,\nbody,\ndiv,\nspan,\napplet,\nobject,\niframe,\nh1,\nh2,\nh3,\nh4,\nh5,\nh6,\np,\nblockquote,\npre,\na,\nabbr,\nacronym,\naddress,\nbig,\ncite,\ncode,\ndel,\ndfn,\nem,\nimg,\nins,\nkbd,\nq,\ns,\nsamp,\nsmall,\nstrike,\nstrong,\nsub,\nsup,\ntt,\nvar,\nb,\nu,\ni,\ncenter,\ndl,\ndt,\ndd,\nol,\nul,\nli,\nfieldset,\nform,\nlabel,\nlegend,\ntable,\ncaption,\ntbody,\ntfoot,\nthead,\ntr,\nth,\ntd,\narticle,\naside,\ncanvas,\ndetails,\nembed,\nfigure,\nfigcaption,\nfooter,\nheader,\nhgroup,\nmenu,\nnav,\noutput,\nruby,\nsection,\nsummary,\ntime,\nmark,\naudio,\nvideo {\n  margin: 0;\n  padding: 0;\n  border: 0;\n  font-size: 100%;\n  font-weight: 500;\n  font-family: 'Whitney SSm A', Whitney SSm B, sans-serif, Arial;\n  vertical-align: baseline;\n}\n\n/* HTML5 display-role reset for older browsers */\n\narticle,\naside,\ndetails,\nfigcaption,\nfigure,\nfooter,\nheader,\nhgroup,\nmenu,\nnav,\nsection {\n  display: block;\n}\n\nol,\nul {\n  list-style: none;\n}\n\nblockquote,\nq {\n  quotes: none;\n}\n\nblockquote::before,\nblockquote::after,\nq::before,\nq::after {\n  content: '';\n  content: none;\n}\n\ntable {\n  border-collapse: collapse;\n  border-spacing: 0;\n}\n\n/** CSS RESET END **/\n\nbody {\n  line-height: 1;\n  overflow: hidden;\n}\n\n.wrapper {\n  margin: 0;\n  padding: 0;\n  width: 100%;\n}\n\n.wrapper .container {\n  width: 1200px;\n  margin: 0 auto;\n  overflow: hidden;\n}\n\n.wrapper .container .entry_table {\n  width: 100%;\n  float: left;\n}\n\n.wrapper .container .entry_table .img-wrapper {\n  position: relative;\n}\n\n.wrapper .container .entry_table .img-wrapper p {\n  position: absolute;\n  bottom: 4px;\n  border-radius: 4px;\n  background-color: rgba(0, 34, 51, 0.3);\n  color: #fff;\n  font-size: 12px;\n  font-weight: 600;\n  line-height: 22px;\n  text-align: center;\n  right: 1px;\n  padding: 0 5px;\n}\n\n.entry_table ul {\n  width: 55%;\n  float: left;\n  display: block;\n  padding-bottom: 0;\n  overflow-y: scroll;\n  height: 270px;\n}\n\n.entry_table ul li[id] {\n  width: 30%;\n  float: left;\n  display: block;\n  margin-right: 1.2%;\n  border: 1px solid transparent;\n  padding: 15px 5px 15px 0;\n}\n\n.entry_table ul li img {\n  width: 100%;\n  height: 100px;\n  position: relative;\n}\n\n.entry_table ul li video {\n  width: 100%;\n  height: 100px;\n  position: relative;\n  background: black;\n}\n\n.entry_table ul li .icon {\n  padding: 32px 80px;\n  background: #e0dddd;\n}\n\n.entry_table span {\n  font-size: 16px;\n  line-height: 17px;\n  display: block;\n  color: #748590;\n  position: absolute;\n  bottom: 0;\n  left: 0;\n  top: 35px;\n}\n\n.entry_table .choose_asset {\n  border: 1px solid #25c2a3;\n  border-radius: 24px;\n  font-size: 14px;\n  line-height: 1.42857143;\n  padding: 5px 15px;\n  display: inline-block;\n  text-align: center;\n  text-decoration: none;\n  color: #25c2a3;\n  cursor: pointer;\n  position: absolute;\n  margin: 0 auto;\n  bottom: 20px;\n  left: 0;\n}\n\n.wrapper .container .list_section {\n  width: 100%;\n  display: none;\n  float: left;\n}\n\n.close {\n  position: absolute;\n  top: 1px;\n  right: 1px;\n  opacity: 0.3;\n  display: block;\n  box-sizing: border-box;\n  width: 20px;\n  height: 20px;\n  border-width: 3px;\n  border-style: solid;\n  border-color: #5a5a5a;\n  border-radius: 100%;\n  background: -webkit-linear-gradient(-45deg, transparent 0%, transparent 46%, white 46%, white 56%, transparent 56%, transparent 100%), -webkit-linear-gradient(45deg, transparent 0%, transparent 46%, white 46%, white 56%, transparent 56%, transparent 100%);\n  background-color: #777;\n  box-shadow: 0 0 5px 2px rgba(0, 0, 0, 0.5);\n  transition: all 0.3s ease;\n  z-index: 9;\n}\n\n.close:hover {\n  opacity: 1;\n}\n\n::-webkit-scrollbar {\n  width: 6px;\n}\n\n::-webkit-scrollbar-track {\n  border-radius: 10px;\n  background-color: transparent;\n}\n\n::-webkit-scrollbar-thumb {\n  border-radius: 6px;\n  background: #dfe2e9;\n}\n\n  </style>\n</head>\n\n<body>\n  <div class=\"wrapper\">\n    <div class=\"container\">\n      <div class=\"reference-loading\">\n        <div class=\"loading-flash\">\n          <div></div>\n          <div></div>\n          <div></div>\n          <div></div>\n        </div>\n      </div>\n      <div class=\"entry_table\" style=\"display: none;\">\n        <table>\n            <thead>\n                <tr>\n                    <th>Title</th>\n                    <th>URL</th>\n                </tr>\n            </thead>\n            <tbody>\n\n            </tbody>\n        </table>\n        <span>No Entry Selected</span>\n        <div class=\"choose_asset\" id=\"open-btn\">Choose Entries</div>\n      </div>\n    </div>\n  </div>\n\n  <script>\n    let entries = {};\n    let entryTable = $('.entry_table table tbody');\n    let loader = $('.reference-loading');\n    function render() {\n      let setData = [];\n      entryTable.empty();\n\n      /* eslint-disable no-unused-vars */\n      for (let [key, entry] of Object.entries(entries)) {\n        setData.push(entry);\n        entryTable.append(`<tr id=\"${entry.uid}\"><td>${entry.title}</td><td>${entry.url}</td><td><button id=${key}> X </button></td></tr>`);\n        $(`#${key}`).click(() => {\n          delete entries[key];\n          render();\n        });\n      }\n      if (Object.keys(entries).length > 0) {\n        $('.entry_table span').hide();\n      } else {\n        $('.entry_table span').show();\n      }\n\n      $('.close').click(function () {\n        let id = $(this).parent().parent().attr('id');\n        delete entries[id];\n        render();\n      });\n    }\n\n    function isEmpty(obj) {\n      for (let key in obj) {\n        if (Object.prototype.hasOwnProperty.call(obj, key)) return false;\n      }\n      return true;\n    }\n\n    // save data from child window (bynder widget)\n    function saveData(event) {\n      try {\n        let childData = JSON.parse(event.data);\n\n        if (childData.data !== undefined && childData.data !== null) {\n          childData.data.forEach((entry) => {\n            entries[entry.uid] = entry;\n          });\n          render();\n        }\n      } catch (e) {\n        // eslint-disable-next-line no-console\n        console.log('Error', e);\n      }\n    }\n\n    // for opening popup window\n    function openWidget() {\n      // \"url\" must be the URL for hosted widget so that on clicking of the button this URL should open in a new window\n      let url = \"https://assets.contentstack.io/v3/assets/bltbfc481de4ed665dc/blt3e1756ce1ab44e55/5fe422f3a7955d1a6a891209/index.html\";\n      window.open(url, 'popUpWindow', 'height=500,width=1200,left=100,top=100,toolbar=no,menubar=no, status=no');\n      window.addEventListener('message', saveData, false);\n    }\n\n    $(document).ready(() => {\n      loader.show();\n      $('#open-btn').click(() => {\n        openWidget();\n      });\n      setTimeout(() => {\n        $('.entry_table span').show();\n        loader.hide();\n        $('.entry_table').show();\n      }, 1000);\n      window.updateHeight(335);\n    });\n  </script>\n</body>\n\n</html>"}}