[
    {
        "stackHeaders": {
            "api_key": "bltf2f2e5d5264c97cf"
        },
        "urlPath": "/assets/bltb9c421afebd0d31b",
        "uid": "bltb9c421afebd0d31b",
        "content_type": "image/jpeg",
        "file_size": "87681",
        "tags": [],
        "filename": "blog-list-hero-banner.jpg",
        "url": "https://images.contentstack.io/v3/assets/bltf2f2e5d5264c97cf/bltb9c421afebd0d31b/6064714e7ca07f108fc96052/blog-list-hero-banner.jpg",
        "ACL": {},
        "is_dir": false,
        "_version": 1,
        "title": "blog-list-hero-banner.jpg",
        "publish_details": [
            {
                "environment": "blt02f91335cdb5e544",
                "locale": "es-es",
                "time": "2021-03-31T12:55:43.334Z",
                "user": "blt484b7e4e3d1b7f76",
                "version": 1
            },
            {
                "environment": "bltedac9aaef6ef5918",
                "locale": "es-es",
                "time": "2021-03-31T12:55:43.334Z",
                "user": "blt484b7e4e3d1b7f76",
                "version": 1
            },
            {
                "environment": "blt02f91335cdb5e544",
                "locale": "en-us",
                "time": "2021-03-31T12:55:43.341Z",
                "user": "blt484b7e4e3d1b7f76",
                "version": 1
            },
            {
                "environment": "bltedac9aaef6ef5918",
                "locale": "en-us",
                "time": "2021-03-31T12:55:43.341Z",
                "user": "blt484b7e4e3d1b7f76",
                "version": 1
            }
        ]
    }
]