[
    {
        "stackHeaders": {
            "api_key": "bltf2f2e5d5264c97cf"
        },
        "urlPath": "/assets/bltd428ba60833907ae",
        "uid": "bltd428ba60833907ae",
        "content_type": "image/jpeg",
        "file_size": "253305",
        "tags": [],
        "filename": "gaming2.jpg",
        "url": "https://images.contentstack.io/v3/assets/bltf2f2e5d5264c97cf/bltd428ba60833907ae/6064714d742d4110d1cb102c/gaming2.jpg",
        "ACL": {},
        "is_dir": false,
        "_version": 1,
        "title": "gaming2.jpg",
        "publish_details": [
            {
                "environment": "blt02f91335cdb5e544",
                "locale": "es-es",
                "time": "2021-03-31T12:55:42.386Z",
                "user": "blt484b7e4e3d1b7f76",
                "version": 1
            },
            {
                "environment": "bltedac9aaef6ef5918",
                "locale": "es-es",
                "time": "2021-03-31T12:55:42.386Z",
                "user": "blt484b7e4e3d1b7f76",
                "version": 1
            },
            {
                "environment": "blt02f91335cdb5e544",
                "locale": "en-us",
                "time": "2021-03-31T12:55:42.395Z",
                "user": "blt484b7e4e3d1b7f76",
                "version": 1
            },
            {
                "environment": "bltedac9aaef6ef5918",
                "locale": "en-us",
                "time": "2021-03-31T12:55:42.395Z",
                "user": "blt484b7e4e3d1b7f76",
                "version": 1
            }
        ]
    }
]