[
    {
        "stackHeaders": {
            "api_key": "bltf2f2e5d5264c97cf"
        },
        "urlPath": "/assets/blt780c0b0334f5ee64",
        "uid": "blt780c0b0334f5ee64",
        "content_type": "image/png",
        "file_size": "208958",
        "tags": [],
        "filename": "gatsby-starter-home.png",
        "url": "https://images.contentstack.io/v3/assets/bltf2f2e5d5264c97cf/blt780c0b0334f5ee64/606471413aa3b610fefd3f17/gatsby-starter-home.png",
        "ACL": {},
        "is_dir": false,
        "_version": 1,
        "title": "gatsby-starter-home.png",
        "publish_details": [
            {
                "environment": "blt02f91335cdb5e544",
                "locale": "es-es",
                "time": "2021-03-31T12:55:29.579Z",
                "user": "blt484b7e4e3d1b7f76",
                "version": 1
            },
            {
                "environment": "bltedac9aaef6ef5918",
                "locale": "es-es",
                "time": "2021-03-31T12:55:29.579Z",
                "user": "blt484b7e4e3d1b7f76",
                "version": 1
            },
            {
                "environment": "blt02f91335cdb5e544",
                "locale": "en-us",
                "time": "2021-03-31T12:55:29.585Z",
                "user": "blt484b7e4e3d1b7f76",
                "version": 1
            },
            {
                "environment": "bltedac9aaef6ef5918",
                "locale": "en-us",
                "time": "2021-03-31T12:55:29.585Z",
                "user": "blt484b7e4e3d1b7f76",
                "version": 1
            }
        ]
    }
]