{"bltedac9aaef6ef5918":{"stackHeaders":{"api_key":"bltf2f2e5d5264c97cf"},"urlPath":"/environments/production","deploy_content":false,"servers":[],"urls":[{"url":"https://gatsby-starter-topaz.vercel.app","locale":"en-us"}],"name":"production","_version":2,"created_by":"blt484b7e4e3d1b7f76","updated_by":"blt484b7e4e3d1b7f76","created_at":"2021-03-31T12:55:21.244Z","updated_at":"2021-03-31T12:55:21.244Z"},"blt02f91335cdb5e544":{"stackHeaders":{"api_key":"bltf2f2e5d5264c97cf"},"urlPath":"/environments/development","deploy_content":false,"servers":[],"urls":[{"url":"https://gatsby-starter-topaz.vercel.app","locale":"en-us"}],"name":"development","_version":2,"created_by":"blt484b7e4e3d1b7f76","updated_by":"blt484b7e4e3d1b7f76","created_at":"2021-03-31T12:55:21.260Z","updated_at":"2021-03-31T12:55:21.260Z"}}