[
    {
        "stackHeaders": {
            "api_key": "bltf2f2e5d5264c97cf"
        },
        "urlPath": "/assets/bltfeff47308fe84aff",
        "uid": "bltfeff47308fe84aff",
        "content_type": "image/jpeg",
        "file_size": "39133",
        "tags": [],
        "filename": "travel-blog-banner.jpg",
        "url": "https://images.contentstack.io/v3/assets/bltf2f2e5d5264c97cf/bltfeff47308fe84aff/6064713aa6c54a1060f93acc/travel-blog-banner.jpg",
        "ACL": {},
        "is_dir": false,
        "_version": 1,
        "title": "travel-blog-banner.jpg",
        "publish_details": [
            {
                "environment": "blt02f91335cdb5e544",
                "locale": "es-es",
                "time": "2021-03-31T12:55:22.824Z",
                "user": "blt484b7e4e3d1b7f76",
                "version": 1
            },
            {
                "environment": "bltedac9aaef6ef5918",
                "locale": "es-es",
                "time": "2021-03-31T12:55:22.824Z",
                "user": "blt484b7e4e3d1b7f76",
                "version": 1
            },
            {
                "environment": "blt02f91335cdb5e544",
                "locale": "en-us",
                "time": "2021-03-31T12:55:22.832Z",
                "user": "blt484b7e4e3d1b7f76",
                "version": 1
            },
            {
                "environment": "bltedac9aaef6ef5918",
                "locale": "en-us",
                "time": "2021-03-31T12:55:22.832Z",
                "user": "blt484b7e4e3d1b7f76",
                "version": 1
            }
        ]
    }
]