[
    {
        "stackHeaders": {
            "api_key": "bltf2f2e5d5264c97cf"
        },
        "urlPath": "/assets/blt36a5caf51d685bb6",
        "uid": "blt36a5caf51d685bb6",
        "content_type": "image/jpeg",
        "file_size": "226049",
        "tags": [],
        "filename": "travel-blog-1.jpg",
        "url": "https://images.contentstack.io/v3/assets/bltf2f2e5d5264c97cf/blt36a5caf51d685bb6/606471477da84e1057ad0672/travel-blog-1.jpg",
        "ACL": {},
        "is_dir": false,
        "_version": 1,
        "title": "travel-blog-1.jpg",
        "publish_details": [
            {
                "environment": "blt02f91335cdb5e544",
                "locale": "es-es",
                "time": "2021-03-31T12:55:36.090Z",
                "user": "blt484b7e4e3d1b7f76",
                "version": 1
            },
            {
                "environment": "bltedac9aaef6ef5918",
                "locale": "es-es",
                "time": "2021-03-31T12:55:36.090Z",
                "user": "blt484b7e4e3d1b7f76",
                "version": 1
            },
            {
                "environment": "blt02f91335cdb5e544",
                "locale": "en-us",
                "time": "2021-03-31T12:55:36.098Z",
                "user": "blt484b7e4e3d1b7f76",
                "version": 1
            },
            {
                "environment": "bltedac9aaef6ef5918",
                "locale": "en-us",
                "time": "2021-03-31T12:55:36.098Z",
                "user": "blt484b7e4e3d1b7f76",
                "version": 1
            }
        ]
    }
]