{
    "blt7b8d6cc683ebfc55": {
        "title": "Header",
        "tags": [],
        "locale": "en-us",
        "ACL": {},
        "menu": [
            {
                "link": {
                    "title": "Home",
                    "href": "/"
                },
                "_metadata": {
                    "uid": "cs459fb48449ecf5cd"
                }
            },
            {
                "link": {
                    "title": "Blogs",
                    "href": "/blogs"
                },
                "_metadata": {
                    "uid": "cs348b353fd02dda47"
                }
            }
        ],
        "uid": "blt7b8d6cc683ebfc55",
        "_version": 1,
        "_in_progress": false,
        "publish_details": [
            {
                "environment": "blt02f91335cdb5e544",
                "locale": "es-es",
                "time": "2021-03-31T12:56:15.903Z",
                "user": "blt484b7e4e3d1b7f76",
                "version": 1
            },
            {
                "environment": "bltedac9aaef6ef5918",
                "locale": "es-es",
                "time": "2021-03-31T12:56:15.903Z",
                "user": "blt484b7e4e3d1b7f76",
                "version": 1
            },
            {
                "environment": "blt02f91335cdb5e544",
                "locale": "en-us",
                "time": "2021-03-31T12:56:11.010Z",
                "user": "blt484b7e4e3d1b7f76",
                "version": 1
            },
            {
                "environment": "bltedac9aaef6ef5918",
                "locale": "en-us",
                "time": "2021-03-31T12:56:11.011Z",
                "user": "blt484b7e4e3d1b7f76",
                "version": 1
            }
        ]
    }
}