{
    "blt7b8d6cc683ebfc55": {
        "locale": "es-es",
        "uid": "blt7b8d6cc683ebfc55",
        "ACL": {},
        "_in_progress": false,
        "_version": 1,
        "menu": [
            {
                "link": {
                    "title": "Hogar",
                    "href": "/"
                },
                "_metadata": {
                    "uid": "cs7838f72bdafca641"
                }
            },
            {
                "link": {
                    "title": "Blogs",
                    "href": "/blogs"
                },
                "_metadata": {
                    "uid": "cs466639c9fc4b8538"
                }
            }
        ],
        "tags": [],
        "title": "Header",
        "publish_details": [
            {
                "environment": "blt02f91335cdb5e544",
                "locale": "es-es",
                "time": "2021-03-31T12:56:15.903Z",
                "user": "blt484b7e4e3d1b7f76",
                "version": 1
            },
            {
                "environment": "bltedac9aaef6ef5918",
                "locale": "es-es",
                "time": "2021-03-31T12:56:15.903Z",
                "user": "blt484b7e4e3d1b7f76",
                "version": 1
            }
        ]
    }
}