{
    "blt9b54624cef080080": {
        "title": "Home",
        "url": "/",
        "seo": {
            "meta_title": "Home",
            "meta_description": "Description",
            "meta_keywords": "Keywords"
        },
        "banner_description": "Description",
        "tags": [],
        "locale": "en-us",
        "ACL": {},
        "group": [
            {
                "title": "Contentstack(CMS)",
                "_metadata": {
                    "uid": "csa1473cde42d646ba"
                },
                "description": "<ul>\n<li>Superfast Headless CMS.</li>\n<li>REST APIs to deliver content to any channel such as websites, mobile apps, or devices.</li>\n<li>Developer and content editor are friendly.</li></ul>"
            },
            {
                "title": "Gatsby v3",
                "_metadata": {
                    "uid": "csb992b722056d7a44"
                },
                "description": "<ul>\n<li>Blazing-fast static site generator for React.</li>\n<li>Modern web tech without the headache.</li>\n<li>Static Progressive Web Apps.</li>\n<li>Gatsby Preview is awesome.</li>\n</ul>"
            }
        ],
        "banner": {
            "uid": "blt7d2474b9036456ef",
            "created_at": "2021-03-31T12:55:40.921Z",
            "updated_at": "2021-03-31T12:55:40.921Z",
            "created_by": "blt484b7e4e3d1b7f76",
            "updated_by": "blt484b7e4e3d1b7f76",
            "content_type": "image/jpeg",
            "file_size": "149882",
            "tags": [],
            "filename": "Content&Gatsby.jpg",
            "url": "https://images.contentstack.io/v3/assets/bltf2f2e5d5264c97cf/blt7d2474b9036456ef/6064714c3aa3b610fefd3f1b/Content&Gatsby.jpg",
            "ACL": [],
            "is_dir": false,
            "_version": 1,
            "title": "Content&Gatsby.jpg",
            "publish_details": [
                {
                    "environment": "blt02f91335cdb5e544",
                    "locale": "es-es",
                    "time": "2021-03-31T12:55:41.338Z",
                    "user": "blt484b7e4e3d1b7f76",
                    "version": 1
                },
                {
                    "environment": "bltedac9aaef6ef5918",
                    "locale": "es-es",
                    "time": "2021-03-31T12:55:41.338Z",
                    "user": "blt484b7e4e3d1b7f76",
                    "version": 1
                },
                {
                    "environment": "blt02f91335cdb5e544",
                    "locale": "en-us",
                    "time": "2021-03-31T12:55:41.346Z",
                    "user": "blt484b7e4e3d1b7f76",
                    "version": 1
                },
                {
                    "environment": "bltedac9aaef6ef5918",
                    "locale": "en-us",
                    "time": "2021-03-31T12:55:41.346Z",
                    "user": "blt484b7e4e3d1b7f76",
                    "version": 1
                }
            ]
        },
        "uid": "blt9b54624cef080080",
        "_version": 1,
        "_in_progress": false,
        "publish_details": [
            {
                "environment": "blt02f91335cdb5e544",
                "locale": "es-es",
                "time": "2021-03-31T12:56:15.623Z",
                "user": "blt484b7e4e3d1b7f76",
                "version": 1
            },
            {
                "environment": "bltedac9aaef6ef5918",
                "locale": "es-es",
                "time": "2021-03-31T12:56:15.623Z",
                "user": "blt484b7e4e3d1b7f76",
                "version": 1
            },
            {
                "environment": "blt02f91335cdb5e544",
                "locale": "en-us",
                "time": "2021-03-31T12:56:10.712Z",
                "user": "blt484b7e4e3d1b7f76",
                "version": 1
            },
            {
                "environment": "bltedac9aaef6ef5918",
                "locale": "en-us",
                "time": "2021-03-31T12:56:10.712Z",
                "user": "blt484b7e4e3d1b7f76",
                "version": 1
            }
        ]
    }
}