{
    "blt9b54624cef080080": {
        "locale": "es-es",
        "uid": "blt9b54624cef080080",
        "ACL": {},
        "_in_progress": false,
        "_version": 1,
        "banner": {
            "uid": "blt7d2474b9036456ef",
            "created_at": "2021-03-31T12:55:40.921Z",
            "updated_at": "2021-03-31T12:55:40.921Z",
            "created_by": "blt484b7e4e3d1b7f76",
            "updated_by": "blt484b7e4e3d1b7f76",
            "content_type": "image/jpeg",
            "file_size": "149882",
            "tags": [],
            "filename": "Content&Gatsby.jpg",
            "url": "https://images.contentstack.io/v3/assets/bltf2f2e5d5264c97cf/blt7d2474b9036456ef/6064714c3aa3b610fefd3f1b/Content&Gatsby.jpg",
            "ACL": [],
            "is_dir": false,
            "_version": 1,
            "title": "Content&Gatsby.jpg",
            "publish_details": [
                {
                    "environment": "blt02f91335cdb5e544",
                    "locale": "es-es",
                    "time": "2021-03-31T12:55:41.338Z",
                    "user": "blt484b7e4e3d1b7f76",
                    "version": 1
                },
                {
                    "environment": "bltedac9aaef6ef5918",
                    "locale": "es-es",
                    "time": "2021-03-31T12:55:41.338Z",
                    "user": "blt484b7e4e3d1b7f76",
                    "version": 1
                },
                {
                    "environment": "blt02f91335cdb5e544",
                    "locale": "en-us",
                    "time": "2021-03-31T12:55:41.346Z",
                    "user": "blt484b7e4e3d1b7f76",
                    "version": 1
                },
                {
                    "environment": "bltedac9aaef6ef5918",
                    "locale": "en-us",
                    "time": "2021-03-31T12:55:41.346Z",
                    "user": "blt484b7e4e3d1b7f76",
                    "version": 1
                }
            ]
        },
        "banner_description": "Description",
        "group": [
            {
                "title": "Contentstack(CMS)",
                "_metadata": {
                    "uid": "cs5acf9e2da2a27f04"
                },
                "description": "<ul>\n<li>CMS sin cabeza superrápido </li><li>API REST para entregar contenido a cualquier canal, como sitios web, aplicaciones móviles o dispositivos </li><li>El desarrollador y el editor de contenido son amigables. </li></ul>\n<p></p>"
            },
            {
                "title": "Gatsby",
                "_metadata": {
                    "uid": "cs6fc18fa99b54d99c"
                },
                "description": "<ul>\n<li>Generador de sitios estáticos ultrarrápidos para React </li>\n<li>Tecnología web moderna sin dolor de cabeza </li>\n<li>Aplicaciones web progresivas estáticas </li>\n<li>La vista previa de Gatsby es increíble </li>\n</ul>"
            }
        ],
        "seo": {
            "meta_title": "Home",
            "meta_description": "Description",
            "meta_keywords": "Keywords"
        },
        "tags": [],
        "title": "Home",
        "url": "/",
        "publish_details": [
            {
                "environment": "blt02f91335cdb5e544",
                "locale": "es-es",
                "time": "2021-03-31T12:56:15.623Z",
                "user": "blt484b7e4e3d1b7f76",
                "version": 1
            },
            {
                "environment": "bltedac9aaef6ef5918",
                "locale": "es-es",
                "time": "2021-03-31T12:56:15.623Z",
                "user": "blt484b7e4e3d1b7f76",
                "version": 1
            }
        ]
    }
}