[
    {
        "stackHeaders": {
            "api_key": "bltf2f2e5d5264c97cf"
        },
        "urlPath": "/assets/blt28369a0ca9fa12da",
        "uid": "blt28369a0ca9fa12da",
        "content_type": "image/jpeg",
        "file_size": "1139306",
        "tags": [],
        "filename": "education.jpg",
        "url": "https://images.contentstack.io/v3/assets/bltf2f2e5d5264c97cf/blt28369a0ca9fa12da/6064714044b24810eb4fef73/education.jpg",
        "ACL": {},
        "is_dir": false,
        "_version": 1,
        "title": "education.jpg",
        "publish_details": [
            {
                "environment": "blt02f91335cdb5e544",
                "locale": "es-es",
                "time": "2021-03-31T12:55:28.534Z",
                "user": "blt484b7e4e3d1b7f76",
                "version": 1
            },
            {
                "environment": "bltedac9aaef6ef5918",
                "locale": "es-es",
                "time": "2021-03-31T12:55:28.535Z",
                "user": "blt484b7e4e3d1b7f76",
                "version": 1
            },
            {
                "environment": "blt02f91335cdb5e544",
                "locale": "en-us",
                "time": "2021-03-31T12:55:28.543Z",
                "user": "blt484b7e4e3d1b7f76",
                "version": 1
            },
            {
                "environment": "bltedac9aaef6ef5918",
                "locale": "en-us",
                "time": "2021-03-31T12:55:28.543Z",
                "user": "blt484b7e4e3d1b7f76",
                "version": 1
            }
        ]
    }
]