[
    {
        "stackHeaders": {
            "api_key": "bltf2f2e5d5264c97cf"
        },
        "urlPath": "/assets/bltc0d5891cdd299123",
        "uid": "bltc0d5891cdd299123",
        "content_type": "image/jpeg",
        "file_size": "57312",
        "tags": [],
        "filename": "travel-blog-3.jpg",
        "url": "https://images.contentstack.io/v3/assets/bltf2f2e5d5264c97cf/bltc0d5891cdd299123/606471493cd88f11561e62d3/travel-blog-3.jpg",
        "ACL": {},
        "is_dir": false,
        "_version": 1,
        "title": "travel-blog-3.jpg",
        "publish_details": [
            {
                "environment": "blt02f91335cdb5e544",
                "locale": "es-es",
                "time": "2021-03-31T12:55:37.983Z",
                "user": "blt484b7e4e3d1b7f76",
                "version": 1
            },
            {
                "environment": "bltedac9aaef6ef5918",
                "locale": "es-es",
                "time": "2021-03-31T12:55:37.983Z",
                "user": "blt484b7e4e3d1b7f76",
                "version": 1
            },
            {
                "environment": "blt02f91335cdb5e544",
                "locale": "en-us",
                "time": "2021-03-31T12:55:37.991Z",
                "user": "blt484b7e4e3d1b7f76",
                "version": 1
            },
            {
                "environment": "bltedac9aaef6ef5918",
                "locale": "en-us",
                "time": "2021-03-31T12:55:37.991Z",
                "user": "blt484b7e4e3d1b7f76",
                "version": 1
            }
        ]
    }
]