{
    "blt8b00cfeeb4fa1d48": {
        "title": "Footer",
        "group": {
            "title": "LOCATION",
            "address": "319, Chandansar Road Chandansar, Chandansar, Virar, Maharashtra, PIN: 401305"
        },
        "social": {
            "title": "AROUND THE WEB",
            "social_links": [
                {
                    "link": {
                        "title": "Facebook",
                        "href": "#"
                    },
                    "_metadata": {
                        "uid": "csb555d8fa79706159"
                    },
                    "fontawesome_class": "fa fa-facebook"
                },
                {
                    "link": {
                        "title": "Google Plus",
                        "href": "#"
                    },
                    "_metadata": {
                        "uid": "cs1ca57521bedfb02f"
                    },
                    "fontawesome_class": "fa fa-google-plus"
                },
                {
                    "link": {
                        "title": "Twitter",
                        "href": "#"
                    },
                    "_metadata": {
                        "uid": "csac8bb7d3fc00e11c"
                    },
                    "fontawesome_class": "fa fa-twitter"
                },
                {
                    "link": {
                        "title": "Linked In",
                        "href": "#"
                    },
                    "_metadata": {
                        "uid": "csff7186e03d98805f"
                    },
                    "fontawesome_class": "fa fa-linkedin"
                },
                {
                    "link": {
                        "title": "Dribble",
                        "href": "#"
                    },
                    "_metadata": {
                        "uid": "cs3fb8b24fd5a38f74"
                    },
                    "fontawesome_class": "fa fa-dribbble"
                }
            ]
        },
        "copyright": "Copyright © Contentstack 2020",
        "tags": [],
        "locale": "en-us",
        "ACL": {},
        "uid": "blt8b00cfeeb4fa1d48",
        "_version": 1,
        "_in_progress": false,
        "publish_details": [
            {
                "environment": "blt02f91335cdb5e544",
                "locale": "es-es",
                "time": "2021-03-31T12:56:16.196Z",
                "user": "blt484b7e4e3d1b7f76",
                "version": 1
            },
            {
                "environment": "bltedac9aaef6ef5918",
                "locale": "es-es",
                "time": "2021-03-31T12:56:16.197Z",
                "user": "blt484b7e4e3d1b7f76",
                "version": 1
            },
            {
                "environment": "blt02f91335cdb5e544",
                "locale": "en-us",
                "time": "2021-03-31T12:56:11.329Z",
                "user": "blt484b7e4e3d1b7f76",
                "version": 1
            },
            {
                "environment": "bltedac9aaef6ef5918",
                "locale": "en-us",
                "time": "2021-03-31T12:56:11.329Z",
                "user": "blt484b7e4e3d1b7f76",
                "version": 1
            }
        ]
    }
}