{
    "blt8b00cfeeb4fa1d48": {
        "locale": "es-es",
        "uid": "blt8b00cfeeb4fa1d48",
        "ACL": {},
        "_in_progress": false,
        "_version": 1,
        "copyright": "Derechos de autor © Contentstack 2020",
        "group": {
            "title": "LOCALIZACIÓN",
            "address": "319, Chandansar Road Chandansar, Chandansar, Virar, Maharashtra 401305"
        },
        "social": {
            "title": "ALREDEDOR DE LA WEB",
            "social_links": [
                {
                    "link": {
                        "title": "Facebook",
                        "href": "#"
                    },
                    "_metadata": {
                        "uid": "csd6ebf4d274d4113e"
                    },
                    "fontawesome_class": "fa fa-facebook"
                },
                {
                    "link": {
                        "title": "Google Plus",
                        "href": "#"
                    },
                    "_metadata": {
                        "uid": "cs8c1af61e615725ff"
                    },
                    "fontawesome_class": "fa fa-google-plus"
                },
                {
                    "link": {
                        "title": "Twitter",
                        "href": "#"
                    },
                    "_metadata": {
                        "uid": "cse72b3199296a2e3a"
                    },
                    "fontawesome_class": "fa fa-twitter"
                },
                {
                    "link": {
                        "title": "Linked In",
                        "href": "#"
                    },
                    "_metadata": {
                        "uid": "cs9c71aec26250751f"
                    },
                    "fontawesome_class": "fa fa-linkedin"
                },
                {
                    "link": {
                        "title": "Dribble",
                        "href": "#"
                    },
                    "_metadata": {
                        "uid": "cs53bc44b7857292ad"
                    },
                    "fontawesome_class": "fa fa-dribbble"
                }
            ]
        },
        "tags": [],
        "title": "Footer",
        "publish_details": [
            {
                "environment": "blt02f91335cdb5e544",
                "locale": "es-es",
                "time": "2021-03-31T12:56:16.196Z",
                "user": "blt484b7e4e3d1b7f76",
                "version": 1
            },
            {
                "environment": "bltedac9aaef6ef5918",
                "locale": "es-es",
                "time": "2021-03-31T12:56:16.197Z",
                "user": "blt484b7e4e3d1b7f76",
                "version": 1
            }
        ]
    }
}