[
    {
        "stackHeaders": {
            "api_key": "bltf2f2e5d5264c97cf"
        },
        "urlPath": "/assets/blt7d2474b9036456ef",
        "uid": "blt7d2474b9036456ef",
        "content_type": "image/jpeg",
        "file_size": "149882",
        "tags": [],
        "filename": "Content&Gatsby.jpg",
        "url": "https://images.contentstack.io/v3/assets/bltf2f2e5d5264c97cf/blt7d2474b9036456ef/6064714c3aa3b610fefd3f1b/Content&Gatsby.jpg",
        "ACL": {},
        "is_dir": false,
        "_version": 1,
        "title": "Content&Gatsby.jpg",
        "publish_details": [
            {
                "environment": "blt02f91335cdb5e544",
                "locale": "es-es",
                "time": "2021-03-31T12:55:41.338Z",
                "user": "blt484b7e4e3d1b7f76",
                "version": 1
            },
            {
                "environment": "bltedac9aaef6ef5918",
                "locale": "es-es",
                "time": "2021-03-31T12:55:41.338Z",
                "user": "blt484b7e4e3d1b7f76",
                "version": 1
            },
            {
                "environment": "blt02f91335cdb5e544",
                "locale": "en-us",
                "time": "2021-03-31T12:55:41.346Z",
                "user": "blt484b7e4e3d1b7f76",
                "version": 1
            },
            {
                "environment": "bltedac9aaef6ef5918",
                "locale": "en-us",
                "time": "2021-03-31T12:55:41.346Z",
                "user": "blt484b7e4e3d1b7f76",
                "version": 1
            }
        ]
    }
]