[
    {
        "stackHeaders": {
            "api_key": "bltf2f2e5d5264c97cf"
        },
        "urlPath": "/assets/blt95e3341178fc9794",
        "uid": "blt95e3341178fc9794",
        "content_type": "image/png",
        "file_size": "63303",
        "tags": [],
        "filename": "avatar_5.png",
        "url": "https://images.contentstack.io/v3/assets/bltf2f2e5d5264c97cf/blt95e3341178fc9794/6064715154f67a105006cfd5/avatar_5.png",
        "ACL": {},
        "is_dir": false,
        "_version": 1,
        "title": "avatar_5.png",
        "publish_details": [
            {
                "environment": "blt02f91335cdb5e544",
                "locale": "es-es",
                "time": "2021-03-31T12:55:45.873Z",
                "user": "blt484b7e4e3d1b7f76",
                "version": 1
            },
            {
                "environment": "bltedac9aaef6ef5918",
                "locale": "es-es",
                "time": "2021-03-31T12:55:45.873Z",
                "user": "blt484b7e4e3d1b7f76",
                "version": 1
            },
            {
                "environment": "blt02f91335cdb5e544",
                "locale": "en-us",
                "time": "2021-03-31T12:55:45.880Z",
                "user": "blt484b7e4e3d1b7f76",
                "version": 1
            },
            {
                "environment": "bltedac9aaef6ef5918",
                "locale": "en-us",
                "time": "2021-03-31T12:55:45.880Z",
                "user": "blt484b7e4e3d1b7f76",
                "version": 1
            }
        ]
    }
]