[
    {
        "stackHeaders": {
            "api_key": "bltf2f2e5d5264c97cf"
        },
        "urlPath": "/assets/bltc3b34a6ccb5d2176",
        "uid": "bltc3b34a6ccb5d2176",
        "content_type": "image/jpeg",
        "file_size": "1697671",
        "tags": [],
        "filename": "foodBlog_post-compressed.jpg",
        "url": "https://images.contentstack.io/v3/assets/bltf2f2e5d5264c97cf/bltc3b34a6ccb5d2176/6064713b0cecff10839a3a07/foodBlog_post-compressed.jpg",
        "ACL": {},
        "is_dir": false,
        "_version": 1,
        "title": "foodBlog_post.jpg",
        "description": "",
        "publish_details": [
            {
                "environment": "blt02f91335cdb5e544",
                "locale": "es-es",
                "time": "2021-03-31T12:55:24.202Z",
                "user": "blt484b7e4e3d1b7f76",
                "version": 1
            },
            {
                "environment": "bltedac9aaef6ef5918",
                "locale": "es-es",
                "time": "2021-03-31T12:55:24.202Z",
                "user": "blt484b7e4e3d1b7f76",
                "version": 1
            },
            {
                "environment": "blt02f91335cdb5e544",
                "locale": "en-us",
                "time": "2021-03-31T12:55:24.211Z",
                "user": "blt484b7e4e3d1b7f76",
                "version": 1
            },
            {
                "environment": "bltedac9aaef6ef5918",
                "locale": "en-us",
                "time": "2021-03-31T12:55:24.211Z",
                "user": "blt484b7e4e3d1b7f76",
                "version": 1
            }
        ]
    }
]