[
    {
        "stackHeaders": {
            "api_key": "bltf2f2e5d5264c97cf"
        },
        "urlPath": "/assets/blta47fbd57048b80b0",
        "uid": "blta47fbd57048b80b0",
        "content_type": "image/jpeg",
        "file_size": "104784",
        "tags": [],
        "filename": "science_and_technology.jpg",
        "url": "https://images.contentstack.io/v3/assets/bltf2f2e5d5264c97cf/blta47fbd57048b80b0/6064714442e85510bfb7460b/science_and_technology.jpg",
        "ACL": {},
        "is_dir": false,
        "_version": 1,
        "title": "science_and_technology.jpg",
        "publish_details": [
            {
                "environment": "blt02f91335cdb5e544",
                "locale": "es-es",
                "time": "2021-03-31T12:55:33.065Z",
                "user": "blt484b7e4e3d1b7f76",
                "version": 1
            },
            {
                "environment": "bltedac9aaef6ef5918",
                "locale": "es-es",
                "time": "2021-03-31T12:55:33.065Z",
                "user": "blt484b7e4e3d1b7f76",
                "version": 1
            },
            {
                "environment": "blt02f91335cdb5e544",
                "locale": "en-us",
                "time": "2021-03-31T12:55:33.072Z",
                "user": "blt484b7e4e3d1b7f76",
                "version": 1
            },
            {
                "environment": "bltedac9aaef6ef5918",
                "locale": "en-us",
                "time": "2021-03-31T12:55:33.072Z",
                "user": "blt484b7e4e3d1b7f76",
                "version": 1
            }
        ]
    }
]