[
    {
        "stackHeaders": {
            "api_key": "bltf2f2e5d5264c97cf"
        },
        "urlPath": "/assets/blt322f641c21f01298",
        "uid": "blt322f641c21f01298",
        "content_type": "image/jpeg",
        "file_size": "253305",
        "tags": [],
        "filename": "gaming2.jpg",
        "url": "https://images.contentstack.io/v3/assets/bltf2f2e5d5264c97cf/blt322f641c21f01298/6064714582ffc810450ac2b2/gaming2.jpg",
        "ACL": {},
        "is_dir": false,
        "_version": 1,
        "title": "gaming2.jpg",
        "publish_details": [
            {
                "environment": "blt02f91335cdb5e544",
                "locale": "es-es",
                "time": "2021-03-31T12:55:34.086Z",
                "user": "blt484b7e4e3d1b7f76",
                "version": 1
            },
            {
                "environment": "bltedac9aaef6ef5918",
                "locale": "es-es",
                "time": "2021-03-31T12:55:34.086Z",
                "user": "blt484b7e4e3d1b7f76",
                "version": 1
            },
            {
                "environment": "blt02f91335cdb5e544",
                "locale": "en-us",
                "time": "2021-03-31T12:55:34.094Z",
                "user": "blt484b7e4e3d1b7f76",
                "version": 1
            },
            {
                "environment": "bltedac9aaef6ef5918",
                "locale": "en-us",
                "time": "2021-03-31T12:55:34.095Z",
                "user": "blt484b7e4e3d1b7f76",
                "version": 1
            }
        ]
    }
]