{
    "blt7a7240720c1bb552": {
        "stackHeaders": {
            "api_key": "bltf2f2e5d5264c97cf"
        },
        "urlPath": "/assets/blt7a7240720c1bb552",
        "uid": "blt7a7240720c1bb552",
        "content_type": "image/jpeg",
        "file_size": "20851",
        "tags": [],
        "filename": "avatar_3.jpg",
        "url": "https://images.contentstack.io/v3/assets/bltf2f2e5d5264c97cf/blt7a7240720c1bb552/60647150635c1210ab068f5c/avatar_3.jpg",
        "ACL": {
            "roles": [],
            "others": {
                "read": false,
                "create": false,
                "update": false,
                "delete": false,
                "sub_acl": {
                    "read": false,
                    "create": false,
                    "update": false,
                    "delete": false,
                    "publish": false
                }
            }
        },
        "is_dir": false,
        "_version": 1,
        "title": "avatar_3.jpg",
        "publish_details": [
            {
                "environment": "blt02f91335cdb5e544",
                "locale": "es-es",
                "time": "2021-03-31T12:55:45.083Z",
                "user": "blt484b7e4e3d1b7f76",
                "version": 1
            },
            {
                "environment": "bltedac9aaef6ef5918",
                "locale": "es-es",
                "time": "2021-03-31T12:55:45.084Z",
                "user": "blt484b7e4e3d1b7f76",
                "version": 1
            },
            {
                "environment": "blt02f91335cdb5e544",
                "locale": "en-us",
                "time": "2021-03-31T12:55:45.096Z",
                "user": "blt484b7e4e3d1b7f76",
                "version": 1
            },
            {
                "environment": "bltedac9aaef6ef5918",
                "locale": "en-us",
                "time": "2021-03-31T12:55:45.096Z",
                "user": "blt484b7e4e3d1b7f76",
                "version": 1
            }
        ]
    },
    "blt95e3341178fc9794": {
        "stackHeaders": {
            "api_key": "bltf2f2e5d5264c97cf"
        },
        "urlPath": "/assets/blt95e3341178fc9794",
        "uid": "blt95e3341178fc9794",
        "content_type": "image/png",
        "file_size": "63303",
        "tags": [],
        "filename": "avatar_5.png",
        "url": "https://images.contentstack.io/v3/assets/bltf2f2e5d5264c97cf/blt95e3341178fc9794/6064715154f67a105006cfd5/avatar_5.png",
        "ACL": {
            "roles": [],
            "others": {
                "read": false,
                "create": false,
                "update": false,
                "delete": false,
                "sub_acl": {
                    "read": false,
                    "create": false,
                    "update": false,
                    "delete": false,
                    "publish": false
                }
            }
        },
        "is_dir": false,
        "_version": 1,
        "title": "avatar_5.png",
        "publish_details": [
            {
                "environment": "blt02f91335cdb5e544",
                "locale": "es-es",
                "time": "2021-03-31T12:55:45.873Z",
                "user": "blt484b7e4e3d1b7f76",
                "version": 1
            },
            {
                "environment": "bltedac9aaef6ef5918",
                "locale": "es-es",
                "time": "2021-03-31T12:55:45.873Z",
                "user": "blt484b7e4e3d1b7f76",
                "version": 1
            },
            {
                "environment": "blt02f91335cdb5e544",
                "locale": "en-us",
                "time": "2021-03-31T12:55:45.880Z",
                "user": "blt484b7e4e3d1b7f76",
                "version": 1
            },
            {
                "environment": "bltedac9aaef6ef5918",
                "locale": "en-us",
                "time": "2021-03-31T12:55:45.880Z",
                "user": "blt484b7e4e3d1b7f76",
                "version": 1
            }
        ]
    },
    "bltc03d6f1397bf93f5": {
        "stackHeaders": {
            "api_key": "bltf2f2e5d5264c97cf"
        },
        "urlPath": "/assets/bltc03d6f1397bf93f5",
        "uid": "bltc03d6f1397bf93f5",
        "content_type": "image/png",
        "file_size": "43632",
        "tags": [],
        "filename": "screencapture-contentstack-gatsby-starter-herokuapp-2020-08-31-18_43_26.png",
        "url": "https://images.contentstack.io/v3/assets/bltf2f2e5d5264c97cf/bltc03d6f1397bf93f5/6064714f97fb12107fc15625/screencapture-contentstack-gatsby-starter-herokuapp-2020-08-31-18_43_26.png",
        "ACL": {
            "roles": [],
            "others": {
                "read": false,
                "create": false,
                "update": false,
                "delete": false,
                "sub_acl": {
                    "read": false,
                    "create": false,
                    "update": false,
                    "delete": false,
                    "publish": false
                }
            }
        },
        "is_dir": false,
        "_version": 1,
        "title": "screencapture-contentstack-gatsby-starter-herokuapp-2020-08-31-18_43_26.png",
        "publish_details": [
            {
                "environment": "blt02f91335cdb5e544",
                "locale": "es-es",
                "time": "2021-03-31T12:55:44.226Z",
                "user": "blt484b7e4e3d1b7f76",
                "version": 1
            },
            {
                "environment": "bltedac9aaef6ef5918",
                "locale": "es-es",
                "time": "2021-03-31T12:55:44.226Z",
                "user": "blt484b7e4e3d1b7f76",
                "version": 1
            },
            {
                "environment": "blt02f91335cdb5e544",
                "locale": "en-us",
                "time": "2021-03-31T12:55:44.232Z",
                "user": "blt484b7e4e3d1b7f76",
                "version": 1
            },
            {
                "environment": "bltedac9aaef6ef5918",
                "locale": "en-us",
                "time": "2021-03-31T12:55:44.232Z",
                "user": "blt484b7e4e3d1b7f76",
                "version": 1
            }
        ]
    },
    "bltb9c421afebd0d31b": {
        "stackHeaders": {
            "api_key": "bltf2f2e5d5264c97cf"
        },
        "urlPath": "/assets/bltb9c421afebd0d31b",
        "uid": "bltb9c421afebd0d31b",
        "content_type": "image/jpeg",
        "file_size": "87681",
        "tags": [],
        "filename": "blog-list-hero-banner.jpg",
        "url": "https://images.contentstack.io/v3/assets/bltf2f2e5d5264c97cf/bltb9c421afebd0d31b/6064714e7ca07f108fc96052/blog-list-hero-banner.jpg",
        "ACL": {
            "roles": [],
            "others": {
                "read": false,
                "create": false,
                "update": false,
                "delete": false,
                "sub_acl": {
                    "read": false,
                    "create": false,
                    "update": false,
                    "delete": false,
                    "publish": false
                }
            }
        },
        "is_dir": false,
        "_version": 1,
        "title": "blog-list-hero-banner.jpg",
        "publish_details": [
            {
                "environment": "blt02f91335cdb5e544",
                "locale": "es-es",
                "time": "2021-03-31T12:55:43.334Z",
                "user": "blt484b7e4e3d1b7f76",
                "version": 1
            },
            {
                "environment": "bltedac9aaef6ef5918",
                "locale": "es-es",
                "time": "2021-03-31T12:55:43.334Z",
                "user": "blt484b7e4e3d1b7f76",
                "version": 1
            },
            {
                "environment": "blt02f91335cdb5e544",
                "locale": "en-us",
                "time": "2021-03-31T12:55:43.341Z",
                "user": "blt484b7e4e3d1b7f76",
                "version": 1
            },
            {
                "environment": "bltedac9aaef6ef5918",
                "locale": "en-us",
                "time": "2021-03-31T12:55:43.341Z",
                "user": "blt484b7e4e3d1b7f76",
                "version": 1
            }
        ]
    },
    "bltd428ba60833907ae": {
        "stackHeaders": {
            "api_key": "bltf2f2e5d5264c97cf"
        },
        "urlPath": "/assets/bltd428ba60833907ae",
        "uid": "bltd428ba60833907ae",
        "content_type": "image/jpeg",
        "file_size": "253305",
        "tags": [],
        "filename": "gaming2.jpg",
        "url": "https://images.contentstack.io/v3/assets/bltf2f2e5d5264c97cf/bltd428ba60833907ae/6064714d742d4110d1cb102c/gaming2.jpg",
        "ACL": {
            "roles": [],
            "others": {
                "read": false,
                "create": false,
                "update": false,
                "delete": false,
                "sub_acl": {
                    "read": false,
                    "create": false,
                    "update": false,
                    "delete": false,
                    "publish": false
                }
            }
        },
        "is_dir": false,
        "_version": 1,
        "title": "gaming2.jpg",
        "publish_details": [
            {
                "environment": "blt02f91335cdb5e544",
                "locale": "es-es",
                "time": "2021-03-31T12:55:42.386Z",
                "user": "blt484b7e4e3d1b7f76",
                "version": 1
            },
            {
                "environment": "bltedac9aaef6ef5918",
                "locale": "es-es",
                "time": "2021-03-31T12:55:42.386Z",
                "user": "blt484b7e4e3d1b7f76",
                "version": 1
            },
            {
                "environment": "blt02f91335cdb5e544",
                "locale": "en-us",
                "time": "2021-03-31T12:55:42.395Z",
                "user": "blt484b7e4e3d1b7f76",
                "version": 1
            },
            {
                "environment": "bltedac9aaef6ef5918",
                "locale": "en-us",
                "time": "2021-03-31T12:55:42.395Z",
                "user": "blt484b7e4e3d1b7f76",
                "version": 1
            }
        ]
    },
    "blt91b28b0387ada79a": {
        "stackHeaders": {
            "api_key": "bltf2f2e5d5264c97cf"
        },
        "urlPath": "/assets/blt91b28b0387ada79a",
        "uid": "blt91b28b0387ada79a",
        "content_type": "image/png",
        "file_size": "5607",
        "tags": [],
        "filename": "avatar_4.png",
        "url": "https://images.contentstack.io/v3/assets/bltf2f2e5d5264c97cf/blt91b28b0387ada79a/6064713eefedcc109e0824ab/avatar_4.png",
        "ACL": {
            "roles": [],
            "others": {
                "read": false,
                "create": false,
                "update": false,
                "delete": false,
                "sub_acl": {
                    "read": false,
                    "create": false,
                    "update": false,
                    "delete": false,
                    "publish": false
                }
            }
        },
        "is_dir": false,
        "parent_uid": null,
        "_version": 1,
        "title": "avatar_4.png",
        "publish_details": [
            {
                "environment": "blt02f91335cdb5e544",
                "locale": "es-es",
                "time": "2021-03-31T12:55:27.151Z",
                "user": "blt484b7e4e3d1b7f76",
                "version": 1
            },
            {
                "environment": "bltedac9aaef6ef5918",
                "locale": "es-es",
                "time": "2021-03-31T12:55:27.151Z",
                "user": "blt484b7e4e3d1b7f76",
                "version": 1
            },
            {
                "environment": "blt02f91335cdb5e544",
                "locale": "en-us",
                "time": "2021-03-31T12:55:27.159Z",
                "user": "blt484b7e4e3d1b7f76",
                "version": 1
            },
            {
                "environment": "bltedac9aaef6ef5918",
                "locale": "en-us",
                "time": "2021-03-31T12:55:27.159Z",
                "user": "blt484b7e4e3d1b7f76",
                "version": 1
            }
        ]
    },
    "blt5a383f765e5f0f9e": {
        "stackHeaders": {
            "api_key": "bltf2f2e5d5264c97cf"
        },
        "urlPath": "/assets/blt5a383f765e5f0f9e",
        "uid": "blt5a383f765e5f0f9e",
        "content_type": "image/jpeg",
        "file_size": "42053",
        "tags": [],
        "filename": "sports-blog-post.jpg",
        "url": "https://images.contentstack.io/v3/assets/bltf2f2e5d5264c97cf/blt5a383f765e5f0f9e/6064714113646010b4541b94/sports-blog-post.jpg",
        "ACL": {
            "roles": [],
            "others": {
                "read": false,
                "create": false,
                "update": false,
                "delete": false,
                "sub_acl": {
                    "read": false,
                    "create": false,
                    "update": false,
                    "delete": false,
                    "publish": false
                }
            }
        },
        "is_dir": false,
        "_version": 1,
        "title": "sports-blog-post.jpg",
        "publish_details": [
            {
                "environment": "blt02f91335cdb5e544",
                "locale": "es-es",
                "time": "2021-03-31T12:55:30.337Z",
                "user": "blt484b7e4e3d1b7f76",
                "version": 1
            },
            {
                "environment": "bltedac9aaef6ef5918",
                "locale": "es-es",
                "time": "2021-03-31T12:55:30.337Z",
                "user": "blt484b7e4e3d1b7f76",
                "version": 1
            },
            {
                "environment": "blt02f91335cdb5e544",
                "locale": "en-us",
                "time": "2021-03-31T12:55:30.346Z",
                "user": "blt484b7e4e3d1b7f76",
                "version": 1
            },
            {
                "environment": "bltedac9aaef6ef5918",
                "locale": "en-us",
                "time": "2021-03-31T12:55:30.346Z",
                "user": "blt484b7e4e3d1b7f76",
                "version": 1
            }
        ]
    },
    "blt780c0b0334f5ee64": {
        "stackHeaders": {
            "api_key": "bltf2f2e5d5264c97cf"
        },
        "urlPath": "/assets/blt780c0b0334f5ee64",
        "uid": "blt780c0b0334f5ee64",
        "content_type": "image/png",
        "file_size": "208958",
        "tags": [],
        "filename": "gatsby-starter-home.png",
        "url": "https://images.contentstack.io/v3/assets/bltf2f2e5d5264c97cf/blt780c0b0334f5ee64/606471413aa3b610fefd3f17/gatsby-starter-home.png",
        "ACL": {
            "roles": [],
            "others": {
                "read": false,
                "create": false,
                "update": false,
                "delete": false,
                "sub_acl": {
                    "read": false,
                    "create": false,
                    "update": false,
                    "delete": false,
                    "publish": false
                }
            }
        },
        "is_dir": false,
        "_version": 1,
        "title": "gatsby-starter-home.png",
        "publish_details": [
            {
                "environment": "blt02f91335cdb5e544",
                "locale": "es-es",
                "time": "2021-03-31T12:55:29.579Z",
                "user": "blt484b7e4e3d1b7f76",
                "version": 1
            },
            {
                "environment": "bltedac9aaef6ef5918",
                "locale": "es-es",
                "time": "2021-03-31T12:55:29.579Z",
                "user": "blt484b7e4e3d1b7f76",
                "version": 1
            },
            {
                "environment": "blt02f91335cdb5e544",
                "locale": "en-us",
                "time": "2021-03-31T12:55:29.585Z",
                "user": "blt484b7e4e3d1b7f76",
                "version": 1
            },
            {
                "environment": "bltedac9aaef6ef5918",
                "locale": "en-us",
                "time": "2021-03-31T12:55:29.585Z",
                "user": "blt484b7e4e3d1b7f76",
                "version": 1
            }
        ]
    },
    "bltcfaf3f588673bf6a": {
        "stackHeaders": {
            "api_key": "bltf2f2e5d5264c97cf"
        },
        "urlPath": "/assets/bltcfaf3f588673bf6a",
        "uid": "bltcfaf3f588673bf6a",
        "content_type": "image/jpeg",
        "file_size": "119696",
        "tags": [],
        "filename": "food-blog-banner.jpg",
        "url": "https://images.contentstack.io/v3/assets/bltf2f2e5d5264c97cf/bltcfaf3f588673bf6a/606471433b423810745c85ba/food-blog-banner.jpg",
        "ACL": {
            "roles": [],
            "others": {
                "read": false,
                "create": false,
                "update": false,
                "delete": false,
                "sub_acl": {
                    "read": false,
                    "create": false,
                    "update": false,
                    "delete": false,
                    "publish": false
                }
            }
        },
        "is_dir": false,
        "_version": 1,
        "title": "food-blog-banner.jpg",
        "publish_details": [
            {
                "environment": "blt02f91335cdb5e544",
                "locale": "es-es",
                "time": "2021-03-31T12:55:32.174Z",
                "user": "blt484b7e4e3d1b7f76",
                "version": 1
            },
            {
                "environment": "bltedac9aaef6ef5918",
                "locale": "es-es",
                "time": "2021-03-31T12:55:32.174Z",
                "user": "blt484b7e4e3d1b7f76",
                "version": 1
            },
            {
                "environment": "blt02f91335cdb5e544",
                "locale": "en-us",
                "time": "2021-03-31T12:55:32.181Z",
                "user": "blt484b7e4e3d1b7f76",
                "version": 1
            },
            {
                "environment": "bltedac9aaef6ef5918",
                "locale": "en-us",
                "time": "2021-03-31T12:55:32.181Z",
                "user": "blt484b7e4e3d1b7f76",
                "version": 1
            }
        ]
    },
    "bltbd0c2f91706d019c": {
        "stackHeaders": {
            "api_key": "bltf2f2e5d5264c97cf"
        },
        "urlPath": "/assets/bltbd0c2f91706d019c",
        "uid": "bltbd0c2f91706d019c",
        "content_type": "image/jpeg",
        "file_size": "301820",
        "tags": [],
        "filename": "gaming1.jpg",
        "url": "https://images.contentstack.io/v3/assets/bltf2f2e5d5264c97cf/bltbd0c2f91706d019c/606471420cecff10839a3a0b/gaming1.jpg",
        "ACL": {
            "roles": [],
            "others": {
                "read": false,
                "create": false,
                "update": false,
                "delete": false,
                "sub_acl": {
                    "read": false,
                    "create": false,
                    "update": false,
                    "delete": false,
                    "publish": false
                }
            }
        },
        "is_dir": false,
        "_version": 1,
        "title": "gaming1.jpg",
        "publish_details": [
            {
                "environment": "blt02f91335cdb5e544",
                "locale": "es-es",
                "time": "2021-03-31T12:55:31.267Z",
                "user": "blt484b7e4e3d1b7f76",
                "version": 1
            },
            {
                "environment": "bltedac9aaef6ef5918",
                "locale": "es-es",
                "time": "2021-03-31T12:55:31.267Z",
                "user": "blt484b7e4e3d1b7f76",
                "version": 1
            },
            {
                "environment": "blt02f91335cdb5e544",
                "locale": "en-us",
                "time": "2021-03-31T12:55:31.278Z",
                "user": "blt484b7e4e3d1b7f76",
                "version": 1
            },
            {
                "environment": "bltedac9aaef6ef5918",
                "locale": "en-us",
                "time": "2021-03-31T12:55:31.278Z",
                "user": "blt484b7e4e3d1b7f76",
                "version": 1
            }
        ]
    },
    "blta47fbd57048b80b0": {
        "stackHeaders": {
            "api_key": "bltf2f2e5d5264c97cf"
        },
        "urlPath": "/assets/blta47fbd57048b80b0",
        "uid": "blta47fbd57048b80b0",
        "content_type": "image/jpeg",
        "file_size": "104784",
        "tags": [],
        "filename": "science_and_technology.jpg",
        "url": "https://images.contentstack.io/v3/assets/bltf2f2e5d5264c97cf/blta47fbd57048b80b0/6064714442e85510bfb7460b/science_and_technology.jpg",
        "ACL": {
            "roles": [],
            "others": {
                "read": false,
                "create": false,
                "update": false,
                "delete": false,
                "sub_acl": {
                    "read": false,
                    "create": false,
                    "update": false,
                    "delete": false,
                    "publish": false
                }
            }
        },
        "is_dir": false,
        "_version": 1,
        "title": "science_and_technology.jpg",
        "publish_details": [
            {
                "environment": "blt02f91335cdb5e544",
                "locale": "es-es",
                "time": "2021-03-31T12:55:33.065Z",
                "user": "blt484b7e4e3d1b7f76",
                "version": 1
            },
            {
                "environment": "bltedac9aaef6ef5918",
                "locale": "es-es",
                "time": "2021-03-31T12:55:33.065Z",
                "user": "blt484b7e4e3d1b7f76",
                "version": 1
            },
            {
                "environment": "blt02f91335cdb5e544",
                "locale": "en-us",
                "time": "2021-03-31T12:55:33.072Z",
                "user": "blt484b7e4e3d1b7f76",
                "version": 1
            },
            {
                "environment": "bltedac9aaef6ef5918",
                "locale": "en-us",
                "time": "2021-03-31T12:55:33.072Z",
                "user": "blt484b7e4e3d1b7f76",
                "version": 1
            }
        ]
    },
    "blt28369a0ca9fa12da": {
        "stackHeaders": {
            "api_key": "bltf2f2e5d5264c97cf"
        },
        "urlPath": "/assets/blt28369a0ca9fa12da",
        "uid": "blt28369a0ca9fa12da",
        "content_type": "image/jpeg",
        "file_size": "1139306",
        "tags": [],
        "filename": "education.jpg",
        "url": "https://images.contentstack.io/v3/assets/bltf2f2e5d5264c97cf/blt28369a0ca9fa12da/6064714044b24810eb4fef73/education.jpg",
        "ACL": {
            "roles": [],
            "others": {
                "read": false,
                "create": false,
                "update": false,
                "delete": false,
                "sub_acl": {
                    "read": false,
                    "create": false,
                    "update": false,
                    "delete": false,
                    "publish": false
                }
            }
        },
        "is_dir": false,
        "_version": 1,
        "title": "education.jpg",
        "publish_details": [
            {
                "environment": "blt02f91335cdb5e544",
                "locale": "es-es",
                "time": "2021-03-31T12:55:28.534Z",
                "user": "blt484b7e4e3d1b7f76",
                "version": 1
            },
            {
                "environment": "bltedac9aaef6ef5918",
                "locale": "es-es",
                "time": "2021-03-31T12:55:28.535Z",
                "user": "blt484b7e4e3d1b7f76",
                "version": 1
            },
            {
                "environment": "blt02f91335cdb5e544",
                "locale": "en-us",
                "time": "2021-03-31T12:55:28.543Z",
                "user": "blt484b7e4e3d1b7f76",
                "version": 1
            },
            {
                "environment": "bltedac9aaef6ef5918",
                "locale": "en-us",
                "time": "2021-03-31T12:55:28.543Z",
                "user": "blt484b7e4e3d1b7f76",
                "version": 1
            }
        ]
    },
    "bltee41d33d2d642a1e": {
        "stackHeaders": {
            "api_key": "bltf2f2e5d5264c97cf"
        },
        "urlPath": "/assets/bltee41d33d2d642a1e",
        "uid": "bltee41d33d2d642a1e",
        "content_type": "image/png",
        "file_size": "78256",
        "tags": [],
        "filename": "gaming-blog-post.png",
        "url": "https://images.contentstack.io/v3/assets/bltf2f2e5d5264c97cf/bltee41d33d2d642a1e/60647146c1891a10c94711e3/gaming-blog-post.png",
        "ACL": {
            "roles": [],
            "others": {
                "read": false,
                "create": false,
                "update": false,
                "delete": false,
                "sub_acl": {
                    "read": false,
                    "create": false,
                    "update": false,
                    "delete": false,
                    "publish": false
                }
            }
        },
        "is_dir": false,
        "_version": 1,
        "title": "gaming-blog-post.png",
        "publish_details": [
            {
                "environment": "blt02f91335cdb5e544",
                "locale": "es-es",
                "time": "2021-03-31T12:55:34.896Z",
                "user": "blt484b7e4e3d1b7f76",
                "version": 1
            },
            {
                "environment": "bltedac9aaef6ef5918",
                "locale": "es-es",
                "time": "2021-03-31T12:55:34.896Z",
                "user": "blt484b7e4e3d1b7f76",
                "version": 1
            },
            {
                "environment": "blt02f91335cdb5e544",
                "locale": "en-us",
                "time": "2021-03-31T12:55:34.905Z",
                "user": "blt484b7e4e3d1b7f76",
                "version": 1
            },
            {
                "environment": "bltedac9aaef6ef5918",
                "locale": "en-us",
                "time": "2021-03-31T12:55:34.905Z",
                "user": "blt484b7e4e3d1b7f76",
                "version": 1
            }
        ]
    },
    "blt322f641c21f01298": {
        "stackHeaders": {
            "api_key": "bltf2f2e5d5264c97cf"
        },
        "urlPath": "/assets/blt322f641c21f01298",
        "uid": "blt322f641c21f01298",
        "content_type": "image/jpeg",
        "file_size": "253305",
        "tags": [],
        "filename": "gaming2.jpg",
        "url": "https://images.contentstack.io/v3/assets/bltf2f2e5d5264c97cf/blt322f641c21f01298/6064714582ffc810450ac2b2/gaming2.jpg",
        "ACL": {
            "roles": [],
            "others": {
                "read": false,
                "create": false,
                "update": false,
                "delete": false,
                "sub_acl": {
                    "read": false,
                    "create": false,
                    "update": false,
                    "delete": false,
                    "publish": false
                }
            }
        },
        "is_dir": false,
        "_version": 1,
        "title": "gaming2.jpg",
        "publish_details": [
            {
                "environment": "blt02f91335cdb5e544",
                "locale": "es-es",
                "time": "2021-03-31T12:55:34.086Z",
                "user": "blt484b7e4e3d1b7f76",
                "version": 1
            },
            {
                "environment": "bltedac9aaef6ef5918",
                "locale": "es-es",
                "time": "2021-03-31T12:55:34.086Z",
                "user": "blt484b7e4e3d1b7f76",
                "version": 1
            },
            {
                "environment": "blt02f91335cdb5e544",
                "locale": "en-us",
                "time": "2021-03-31T12:55:34.094Z",
                "user": "blt484b7e4e3d1b7f76",
                "version": 1
            },
            {
                "environment": "bltedac9aaef6ef5918",
                "locale": "en-us",
                "time": "2021-03-31T12:55:34.095Z",
                "user": "blt484b7e4e3d1b7f76",
                "version": 1
            }
        ]
    },
    "blt36a5caf51d685bb6": {
        "stackHeaders": {
            "api_key": "bltf2f2e5d5264c97cf"
        },
        "urlPath": "/assets/blt36a5caf51d685bb6",
        "uid": "blt36a5caf51d685bb6",
        "content_type": "image/jpeg",
        "file_size": "226049",
        "tags": [],
        "filename": "travel-blog-1.jpg",
        "url": "https://images.contentstack.io/v3/assets/bltf2f2e5d5264c97cf/blt36a5caf51d685bb6/606471477da84e1057ad0672/travel-blog-1.jpg",
        "ACL": {
            "roles": [],
            "others": {
                "read": false,
                "create": false,
                "update": false,
                "delete": false,
                "sub_acl": {
                    "read": false,
                    "create": false,
                    "update": false,
                    "delete": false,
                    "publish": false
                }
            }
        },
        "is_dir": false,
        "_version": 1,
        "title": "travel-blog-1.jpg",
        "publish_details": [
            {
                "environment": "blt02f91335cdb5e544",
                "locale": "es-es",
                "time": "2021-03-31T12:55:36.090Z",
                "user": "blt484b7e4e3d1b7f76",
                "version": 1
            },
            {
                "environment": "bltedac9aaef6ef5918",
                "locale": "es-es",
                "time": "2021-03-31T12:55:36.090Z",
                "user": "blt484b7e4e3d1b7f76",
                "version": 1
            },
            {
                "environment": "blt02f91335cdb5e544",
                "locale": "en-us",
                "time": "2021-03-31T12:55:36.098Z",
                "user": "blt484b7e4e3d1b7f76",
                "version": 1
            },
            {
                "environment": "bltedac9aaef6ef5918",
                "locale": "en-us",
                "time": "2021-03-31T12:55:36.098Z",
                "user": "blt484b7e4e3d1b7f76",
                "version": 1
            }
        ]
    },
    "bltc0d5891cdd299123": {
        "stackHeaders": {
            "api_key": "bltf2f2e5d5264c97cf"
        },
        "urlPath": "/assets/bltc0d5891cdd299123",
        "uid": "bltc0d5891cdd299123",
        "content_type": "image/jpeg",
        "file_size": "57312",
        "tags": [],
        "filename": "travel-blog-3.jpg",
        "url": "https://images.contentstack.io/v3/assets/bltf2f2e5d5264c97cf/bltc0d5891cdd299123/606471493cd88f11561e62d3/travel-blog-3.jpg",
        "ACL": {
            "roles": [],
            "others": {
                "read": false,
                "create": false,
                "update": false,
                "delete": false,
                "sub_acl": {
                    "read": false,
                    "create": false,
                    "update": false,
                    "delete": false,
                    "publish": false
                }
            }
        },
        "is_dir": false,
        "_version": 1,
        "title": "travel-blog-3.jpg",
        "publish_details": [
            {
                "environment": "blt02f91335cdb5e544",
                "locale": "es-es",
                "time": "2021-03-31T12:55:37.983Z",
                "user": "blt484b7e4e3d1b7f76",
                "version": 1
            },
            {
                "environment": "bltedac9aaef6ef5918",
                "locale": "es-es",
                "time": "2021-03-31T12:55:37.983Z",
                "user": "blt484b7e4e3d1b7f76",
                "version": 1
            },
            {
                "environment": "blt02f91335cdb5e544",
                "locale": "en-us",
                "time": "2021-03-31T12:55:37.991Z",
                "user": "blt484b7e4e3d1b7f76",
                "version": 1
            },
            {
                "environment": "bltedac9aaef6ef5918",
                "locale": "en-us",
                "time": "2021-03-31T12:55:37.991Z",
                "user": "blt484b7e4e3d1b7f76",
                "version": 1
            }
        ]
    },
    "blt6c22ab76ec7ed9ba": {
        "stackHeaders": {
            "api_key": "bltf2f2e5d5264c97cf"
        },
        "urlPath": "/assets/blt6c22ab76ec7ed9ba",
        "uid": "blt6c22ab76ec7ed9ba",
        "content_type": "image/jpeg",
        "file_size": "257210",
        "tags": [],
        "filename": "gaming5.jpg",
        "url": "https://images.contentstack.io/v3/assets/bltf2f2e5d5264c97cf/blt6c22ab76ec7ed9ba/60647148523b5f107686499b/gaming5.jpg",
        "ACL": {
            "roles": [],
            "others": {
                "read": false,
                "create": false,
                "update": false,
                "delete": false,
                "sub_acl": {
                    "read": false,
                    "create": false,
                    "update": false,
                    "delete": false,
                    "publish": false
                }
            }
        },
        "is_dir": false,
        "_version": 1,
        "title": "gaming5.jpg",
        "publish_details": [
            {
                "environment": "blt02f91335cdb5e544",
                "locale": "es-es",
                "time": "2021-03-31T12:55:37.071Z",
                "user": "blt484b7e4e3d1b7f76",
                "version": 1
            },
            {
                "environment": "bltedac9aaef6ef5918",
                "locale": "es-es",
                "time": "2021-03-31T12:55:37.072Z",
                "user": "blt484b7e4e3d1b7f76",
                "version": 1
            },
            {
                "environment": "blt02f91335cdb5e544",
                "locale": "en-us",
                "time": "2021-03-31T12:55:37.077Z",
                "user": "blt484b7e4e3d1b7f76",
                "version": 1
            },
            {
                "environment": "bltedac9aaef6ef5918",
                "locale": "en-us",
                "time": "2021-03-31T12:55:37.077Z",
                "user": "blt484b7e4e3d1b7f76",
                "version": 1
            }
        ]
    },
    "bltb9eedec2a81e84b5": {
        "stackHeaders": {
            "api_key": "bltf2f2e5d5264c97cf"
        },
        "urlPath": "/assets/bltb9eedec2a81e84b5",
        "uid": "bltb9eedec2a81e84b5",
        "content_type": "image/jpeg",
        "file_size": "250265",
        "tags": [],
        "filename": "travel-blog-2.jpg",
        "url": "https://images.contentstack.io/v3/assets/bltf2f2e5d5264c97cf/bltb9eedec2a81e84b5/6064714a781dcd108e1aeed9/travel-blog-2.jpg",
        "ACL": {
            "roles": [],
            "others": {
                "read": false,
                "create": false,
                "update": false,
                "delete": false,
                "sub_acl": {
                    "read": false,
                    "create": false,
                    "update": false,
                    "delete": false,
                    "publish": false
                }
            }
        },
        "is_dir": false,
        "_version": 1,
        "title": "travel-blog-2.jpg",
        "publish_details": [
            {
                "environment": "blt02f91335cdb5e544",
                "locale": "es-es",
                "time": "2021-03-31T12:55:39.075Z",
                "user": "blt484b7e4e3d1b7f76",
                "version": 1
            },
            {
                "environment": "bltedac9aaef6ef5918",
                "locale": "es-es",
                "time": "2021-03-31T12:55:39.075Z",
                "user": "blt484b7e4e3d1b7f76",
                "version": 1
            },
            {
                "environment": "blt02f91335cdb5e544",
                "locale": "en-us",
                "time": "2021-03-31T12:55:39.081Z",
                "user": "blt484b7e4e3d1b7f76",
                "version": 1
            },
            {
                "environment": "bltedac9aaef6ef5918",
                "locale": "en-us",
                "time": "2021-03-31T12:55:39.081Z",
                "user": "blt484b7e4e3d1b7f76",
                "version": 1
            }
        ]
    },
    "blt7d2474b9036456ef": {
        "stackHeaders": {
            "api_key": "bltf2f2e5d5264c97cf"
        },
        "urlPath": "/assets/blt7d2474b9036456ef",
        "uid": "blt7d2474b9036456ef",
        "content_type": "image/jpeg",
        "file_size": "149882",
        "tags": [],
        "filename": "Content&Gatsby.jpg",
        "url": "https://images.contentstack.io/v3/assets/bltf2f2e5d5264c97cf/blt7d2474b9036456ef/6064714c3aa3b610fefd3f1b/Content&Gatsby.jpg",
        "ACL": {
            "roles": [],
            "others": {
                "read": false,
                "create": false,
                "update": false,
                "delete": false,
                "sub_acl": {
                    "read": false,
                    "create": false,
                    "update": false,
                    "delete": false,
                    "publish": false
                }
            }
        },
        "is_dir": false,
        "_version": 1,
        "title": "Content&Gatsby.jpg",
        "publish_details": [
            {
                "environment": "blt02f91335cdb5e544",
                "locale": "es-es",
                "time": "2021-03-31T12:55:41.338Z",
                "user": "blt484b7e4e3d1b7f76",
                "version": 1
            },
            {
                "environment": "bltedac9aaef6ef5918",
                "locale": "es-es",
                "time": "2021-03-31T12:55:41.338Z",
                "user": "blt484b7e4e3d1b7f76",
                "version": 1
            },
            {
                "environment": "blt02f91335cdb5e544",
                "locale": "en-us",
                "time": "2021-03-31T12:55:41.346Z",
                "user": "blt484b7e4e3d1b7f76",
                "version": 1
            },
            {
                "environment": "bltedac9aaef6ef5918",
                "locale": "en-us",
                "time": "2021-03-31T12:55:41.346Z",
                "user": "blt484b7e4e3d1b7f76",
                "version": 1
            }
        ]
    },
    "blt1a5f25edb4fb2c2c": {
        "stackHeaders": {
            "api_key": "bltf2f2e5d5264c97cf"
        },
        "urlPath": "/assets/blt1a5f25edb4fb2c2c",
        "uid": "blt1a5f25edb4fb2c2c",
        "content_type": "image/png",
        "file_size": "1251254",
        "tags": [],
        "filename": "gatsby-starter-blogs.png",
        "url": "https://images.contentstack.io/v3/assets/bltf2f2e5d5264c97cf/blt1a5f25edb4fb2c2c/6064714b32533d114b099e74/gatsby-starter-blogs.png",
        "ACL": {
            "roles": [],
            "others": {
                "read": false,
                "create": false,
                "update": false,
                "delete": false,
                "sub_acl": {
                    "read": false,
                    "create": false,
                    "update": false,
                    "delete": false,
                    "publish": false
                }
            }
        },
        "is_dir": false,
        "_version": 1,
        "title": "gatsby-starter-blogs.png",
        "publish_details": [
            {
                "environment": "blt02f91335cdb5e544",
                "locale": "es-es",
                "time": "2021-03-31T12:55:40.479Z",
                "user": "blt484b7e4e3d1b7f76",
                "version": 1
            },
            {
                "environment": "bltedac9aaef6ef5918",
                "locale": "es-es",
                "time": "2021-03-31T12:55:40.479Z",
                "user": "blt484b7e4e3d1b7f76",
                "version": 1
            },
            {
                "environment": "blt02f91335cdb5e544",
                "locale": "en-us",
                "time": "2021-03-31T12:55:40.486Z",
                "user": "blt484b7e4e3d1b7f76",
                "version": 1
            },
            {
                "environment": "bltedac9aaef6ef5918",
                "locale": "en-us",
                "time": "2021-03-31T12:55:40.486Z",
                "user": "blt484b7e4e3d1b7f76",
                "version": 1
            }
        ]
    },
    "blta5d2e943dda87fa8": {
        "stackHeaders": {
            "api_key": "bltf2f2e5d5264c97cf"
        },
        "urlPath": "/assets/blta5d2e943dda87fa8",
        "uid": "blta5d2e943dda87fa8",
        "content_type": "image/jpeg",
        "file_size": "20851",
        "tags": [],
        "filename": "avatar_3.jpg",
        "url": "https://images.contentstack.io/v3/assets/bltf2f2e5d5264c97cf/blta5d2e943dda87fa8/60647139d799ef108bc6f826/avatar_3.jpg",
        "ACL": {
            "roles": [],
            "others": {
                "read": false,
                "create": false,
                "update": false,
                "delete": false,
                "sub_acl": {
                    "read": false,
                    "create": false,
                    "update": false,
                    "delete": false,
                    "publish": false
                }
            }
        },
        "is_dir": false,
        "_version": 1,
        "title": "avatar_3.jpg",
        "publish_details": [
            {
                "environment": "blt02f91335cdb5e544",
                "locale": "es-es",
                "time": "2021-03-31T12:55:22.091Z",
                "user": "blt484b7e4e3d1b7f76",
                "version": 1
            },
            {
                "environment": "bltedac9aaef6ef5918",
                "locale": "es-es",
                "time": "2021-03-31T12:55:22.091Z",
                "user": "blt484b7e4e3d1b7f76",
                "version": 1
            },
            {
                "environment": "blt02f91335cdb5e544",
                "locale": "en-us",
                "time": "2021-03-31T12:55:22.100Z",
                "user": "blt484b7e4e3d1b7f76",
                "version": 1
            },
            {
                "environment": "bltedac9aaef6ef5918",
                "locale": "en-us",
                "time": "2021-03-31T12:55:22.101Z",
                "user": "blt484b7e4e3d1b7f76",
                "version": 1
            }
        ]
    },
    "blt460f54d276301e2e": {
        "stackHeaders": {
            "api_key": "bltf2f2e5d5264c97cf"
        },
        "urlPath": "/assets/blt460f54d276301e2e",
        "uid": "blt460f54d276301e2e",
        "content_type": "image/jpeg",
        "file_size": "23641",
        "tags": [],
        "filename": "Avatar_6.jpg",
        "url": "https://images.contentstack.io/v3/assets/bltf2f2e5d5264c97cf/blt460f54d276301e2e/6064713cbacdec10a28667b0/Avatar_6.jpg",
        "ACL": {
            "roles": [],
            "others": {
                "read": false,
                "create": false,
                "update": false,
                "delete": false,
                "sub_acl": {
                    "read": false,
                    "create": false,
                    "update": false,
                    "delete": false,
                    "publish": false
                }
            }
        },
        "is_dir": false,
        "_version": 1,
        "title": "Avatar_6.jpg",
        "publish_details": [
            {
                "environment": "blt02f91335cdb5e544",
                "locale": "es-es",
                "time": "2021-03-31T12:55:24.959Z",
                "user": "blt484b7e4e3d1b7f76",
                "version": 1
            },
            {
                "environment": "bltedac9aaef6ef5918",
                "locale": "es-es",
                "time": "2021-03-31T12:55:24.959Z",
                "user": "blt484b7e4e3d1b7f76",
                "version": 1
            },
            {
                "environment": "blt02f91335cdb5e544",
                "locale": "en-us",
                "time": "2021-03-31T12:55:24.967Z",
                "user": "blt484b7e4e3d1b7f76",
                "version": 1
            },
            {
                "environment": "bltedac9aaef6ef5918",
                "locale": "en-us",
                "time": "2021-03-31T12:55:24.967Z",
                "user": "blt484b7e4e3d1b7f76",
                "version": 1
            }
        ]
    },
    "bltfeff47308fe84aff": {
        "stackHeaders": {
            "api_key": "bltf2f2e5d5264c97cf"
        },
        "urlPath": "/assets/bltfeff47308fe84aff",
        "uid": "bltfeff47308fe84aff",
        "content_type": "image/jpeg",
        "file_size": "39133",
        "tags": [],
        "filename": "travel-blog-banner.jpg",
        "url": "https://images.contentstack.io/v3/assets/bltf2f2e5d5264c97cf/bltfeff47308fe84aff/6064713aa6c54a1060f93acc/travel-blog-banner.jpg",
        "ACL": {
            "roles": [],
            "others": {
                "read": false,
                "create": false,
                "update": false,
                "delete": false,
                "sub_acl": {
                    "read": false,
                    "create": false,
                    "update": false,
                    "delete": false,
                    "publish": false
                }
            }
        },
        "is_dir": false,
        "_version": 1,
        "title": "travel-blog-banner.jpg",
        "publish_details": [
            {
                "environment": "blt02f91335cdb5e544",
                "locale": "es-es",
                "time": "2021-03-31T12:55:22.824Z",
                "user": "blt484b7e4e3d1b7f76",
                "version": 1
            },
            {
                "environment": "bltedac9aaef6ef5918",
                "locale": "es-es",
                "time": "2021-03-31T12:55:22.824Z",
                "user": "blt484b7e4e3d1b7f76",
                "version": 1
            },
            {
                "environment": "blt02f91335cdb5e544",
                "locale": "en-us",
                "time": "2021-03-31T12:55:22.832Z",
                "user": "blt484b7e4e3d1b7f76",
                "version": 1
            },
            {
                "environment": "bltedac9aaef6ef5918",
                "locale": "en-us",
                "time": "2021-03-31T12:55:22.832Z",
                "user": "blt484b7e4e3d1b7f76",
                "version": 1
            }
        ]
    },
    "blt5417cb2d0178dd7c": {
        "stackHeaders": {
            "api_key": "bltf2f2e5d5264c97cf"
        },
        "urlPath": "/assets/blt5417cb2d0178dd7c",
        "uid": "blt5417cb2d0178dd7c",
        "content_type": "image/jpeg",
        "file_size": "1800322",
        "tags": [],
        "filename": "eugenio-mazzone-6ywyo2qtaZ8-unsplash-compressed.jpg",
        "url": "https://images.contentstack.io/v3/assets/bltf2f2e5d5264c97cf/blt5417cb2d0178dd7c/6064713deed92c10f87f5150/eugenio-mazzone-6ywyo2qtaZ8-unsplash-compressed.jpg",
        "ACL": {
            "roles": [],
            "others": {
                "read": false,
                "create": false,
                "update": false,
                "delete": false,
                "sub_acl": {
                    "read": false,
                    "create": false,
                    "update": false,
                    "delete": false,
                    "publish": false
                }
            }
        },
        "is_dir": false,
        "_version": 1,
        "title": "eugenio-mazzone-6ywyo2qtaZ8-unsplash.jpg",
        "description": "",
        "publish_details": [
            {
                "environment": "blt02f91335cdb5e544",
                "locale": "es-es",
                "time": "2021-03-31T12:55:26.469Z",
                "user": "blt484b7e4e3d1b7f76",
                "version": 1
            },
            {
                "environment": "bltedac9aaef6ef5918",
                "locale": "es-es",
                "time": "2021-03-31T12:55:26.470Z",
                "user": "blt484b7e4e3d1b7f76",
                "version": 1
            },
            {
                "environment": "blt02f91335cdb5e544",
                "locale": "en-us",
                "time": "2021-03-31T12:55:26.475Z",
                "user": "blt484b7e4e3d1b7f76",
                "version": 1
            },
            {
                "environment": "bltedac9aaef6ef5918",
                "locale": "en-us",
                "time": "2021-03-31T12:55:26.477Z",
                "user": "blt484b7e4e3d1b7f76",
                "version": 1
            }
        ]
    },
    "bltc3b34a6ccb5d2176": {
        "stackHeaders": {
            "api_key": "bltf2f2e5d5264c97cf"
        },
        "urlPath": "/assets/bltc3b34a6ccb5d2176",
        "uid": "bltc3b34a6ccb5d2176",
        "content_type": "image/jpeg",
        "file_size": "1697671",
        "tags": [],
        "filename": "foodBlog_post-compressed.jpg",
        "url": "https://images.contentstack.io/v3/assets/bltf2f2e5d5264c97cf/bltc3b34a6ccb5d2176/6064713b0cecff10839a3a07/foodBlog_post-compressed.jpg",
        "ACL": {
            "roles": [],
            "others": {
                "read": false,
                "create": false,
                "update": false,
                "delete": false,
                "sub_acl": {
                    "read": false,
                    "create": false,
                    "update": false,
                    "delete": false,
                    "publish": false
                }
            }
        },
        "is_dir": false,
        "_version": 1,
        "title": "foodBlog_post.jpg",
        "description": "",
        "publish_details": [
            {
                "environment": "blt02f91335cdb5e544",
                "locale": "es-es",
                "time": "2021-03-31T12:55:24.202Z",
                "user": "blt484b7e4e3d1b7f76",
                "version": 1
            },
            {
                "environment": "bltedac9aaef6ef5918",
                "locale": "es-es",
                "time": "2021-03-31T12:55:24.202Z",
                "user": "blt484b7e4e3d1b7f76",
                "version": 1
            },
            {
                "environment": "blt02f91335cdb5e544",
                "locale": "en-us",
                "time": "2021-03-31T12:55:24.211Z",
                "user": "blt484b7e4e3d1b7f76",
                "version": 1
            },
            {
                "environment": "bltedac9aaef6ef5918",
                "locale": "en-us",
                "time": "2021-03-31T12:55:24.211Z",
                "user": "blt484b7e4e3d1b7f76",
                "version": 1
            }
        ]
    }
}