[
    {
        "stackHeaders": {
            "api_key": "bltf2f2e5d5264c97cf"
        },
        "urlPath": "/assets/blt5a383f765e5f0f9e",
        "uid": "blt5a383f765e5f0f9e",
        "content_type": "image/jpeg",
        "file_size": "42053",
        "tags": [],
        "filename": "sports-blog-post.jpg",
        "url": "https://images.contentstack.io/v3/assets/bltf2f2e5d5264c97cf/blt5a383f765e5f0f9e/6064714113646010b4541b94/sports-blog-post.jpg",
        "ACL": {},
        "is_dir": false,
        "_version": 1,
        "title": "sports-blog-post.jpg",
        "publish_details": [
            {
                "environment": "blt02f91335cdb5e544",
                "locale": "es-es",
                "time": "2021-03-31T12:55:30.337Z",
                "user": "blt484b7e4e3d1b7f76",
                "version": 1
            },
            {
                "environment": "bltedac9aaef6ef5918",
                "locale": "es-es",
                "time": "2021-03-31T12:55:30.337Z",
                "user": "blt484b7e4e3d1b7f76",
                "version": 1
            },
            {
                "environment": "blt02f91335cdb5e544",
                "locale": "en-us",
                "time": "2021-03-31T12:55:30.346Z",
                "user": "blt484b7e4e3d1b7f76",
                "version": 1
            },
            {
                "environment": "bltedac9aaef6ef5918",
                "locale": "en-us",
                "time": "2021-03-31T12:55:30.346Z",
                "user": "blt484b7e4e3d1b7f76",
                "version": 1
            }
        ]
    }
]