[
    {
        "stackHeaders": {
            "api_key": "bltf2f2e5d5264c97cf"
        },
        "urlPath": "/assets/blt1a5f25edb4fb2c2c",
        "uid": "blt1a5f25edb4fb2c2c",
        "content_type": "image/png",
        "file_size": "1251254",
        "tags": [],
        "filename": "gatsby-starter-blogs.png",
        "url": "https://images.contentstack.io/v3/assets/bltf2f2e5d5264c97cf/blt1a5f25edb4fb2c2c/6064714b32533d114b099e74/gatsby-starter-blogs.png",
        "ACL": {},
        "is_dir": false,
        "_version": 1,
        "title": "gatsby-starter-blogs.png",
        "publish_details": [
            {
                "environment": "blt02f91335cdb5e544",
                "locale": "es-es",
                "time": "2021-03-31T12:55:40.479Z",
                "user": "blt484b7e4e3d1b7f76",
                "version": 1
            },
            {
                "environment": "bltedac9aaef6ef5918",
                "locale": "es-es",
                "time": "2021-03-31T12:55:40.479Z",
                "user": "blt484b7e4e3d1b7f76",
                "version": 1
            },
            {
                "environment": "blt02f91335cdb5e544",
                "locale": "en-us",
                "time": "2021-03-31T12:55:40.486Z",
                "user": "blt484b7e4e3d1b7f76",
                "version": 1
            },
            {
                "environment": "bltedac9aaef6ef5918",
                "locale": "en-us",
                "time": "2021-03-31T12:55:40.486Z",
                "user": "blt484b7e4e3d1b7f76",
                "version": 1
            }
        ]
    }
]