[
    {
        "stackHeaders": {
            "api_key": "bltf2f2e5d5264c97cf"
        },
        "urlPath": "/assets/bltb9eedec2a81e84b5",
        "uid": "bltb9eedec2a81e84b5",
        "content_type": "image/jpeg",
        "file_size": "250265",
        "tags": [],
        "filename": "travel-blog-2.jpg",
        "url": "https://images.contentstack.io/v3/assets/bltf2f2e5d5264c97cf/bltb9eedec2a81e84b5/6064714a781dcd108e1aeed9/travel-blog-2.jpg",
        "ACL": {},
        "is_dir": false,
        "_version": 1,
        "title": "travel-blog-2.jpg",
        "publish_details": [
            {
                "environment": "blt02f91335cdb5e544",
                "locale": "es-es",
                "time": "2021-03-31T12:55:39.075Z",
                "user": "blt484b7e4e3d1b7f76",
                "version": 1
            },
            {
                "environment": "bltedac9aaef6ef5918",
                "locale": "es-es",
                "time": "2021-03-31T12:55:39.075Z",
                "user": "blt484b7e4e3d1b7f76",
                "version": 1
            },
            {
                "environment": "blt02f91335cdb5e544",
                "locale": "en-us",
                "time": "2021-03-31T12:55:39.081Z",
                "user": "blt484b7e4e3d1b7f76",
                "version": 1
            },
            {
                "environment": "bltedac9aaef6ef5918",
                "locale": "en-us",
                "time": "2021-03-31T12:55:39.081Z",
                "user": "blt484b7e4e3d1b7f76",
                "version": 1
            }
        ]
    }
]