[
    {
        "stackHeaders": {
            "api_key": "bltf2f2e5d5264c97cf"
        },
        "urlPath": "/assets/blt7a7240720c1bb552",
        "uid": "blt7a7240720c1bb552",
        "content_type": "image/jpeg",
        "file_size": "20851",
        "tags": [],
        "filename": "avatar_3.jpg",
        "url": "https://images.contentstack.io/v3/assets/bltf2f2e5d5264c97cf/blt7a7240720c1bb552/60647150635c1210ab068f5c/avatar_3.jpg",
        "ACL": {},
        "is_dir": false,
        "_version": 1,
        "title": "avatar_3.jpg",
        "publish_details": [
            {
                "environment": "blt02f91335cdb5e544",
                "locale": "es-es",
                "time": "2021-03-31T12:55:45.083Z",
                "user": "blt484b7e4e3d1b7f76",
                "version": 1
            },
            {
                "environment": "bltedac9aaef6ef5918",
                "locale": "es-es",
                "time": "2021-03-31T12:55:45.084Z",
                "user": "blt484b7e4e3d1b7f76",
                "version": 1
            },
            {
                "environment": "blt02f91335cdb5e544",
                "locale": "en-us",
                "time": "2021-03-31T12:55:45.096Z",
                "user": "blt484b7e4e3d1b7f76",
                "version": 1
            },
            {
                "environment": "bltedac9aaef6ef5918",
                "locale": "en-us",
                "time": "2021-03-31T12:55:45.096Z",
                "user": "blt484b7e4e3d1b7f76",
                "version": 1
            }
        ]
    }
]