[
    {
        "stackHeaders": {
            "api_key": "bltf2f2e5d5264c97cf"
        },
        "urlPath": "/assets/bltbd0c2f91706d019c",
        "uid": "bltbd0c2f91706d019c",
        "content_type": "image/jpeg",
        "file_size": "301820",
        "tags": [],
        "filename": "gaming1.jpg",
        "url": "https://images.contentstack.io/v3/assets/bltf2f2e5d5264c97cf/bltbd0c2f91706d019c/606471420cecff10839a3a0b/gaming1.jpg",
        "ACL": {},
        "is_dir": false,
        "_version": 1,
        "title": "gaming1.jpg",
        "publish_details": [
            {
                "environment": "blt02f91335cdb5e544",
                "locale": "es-es",
                "time": "2021-03-31T12:55:31.267Z",
                "user": "blt484b7e4e3d1b7f76",
                "version": 1
            },
            {
                "environment": "bltedac9aaef6ef5918",
                "locale": "es-es",
                "time": "2021-03-31T12:55:31.267Z",
                "user": "blt484b7e4e3d1b7f76",
                "version": 1
            },
            {
                "environment": "blt02f91335cdb5e544",
                "locale": "en-us",
                "time": "2021-03-31T12:55:31.278Z",
                "user": "blt484b7e4e3d1b7f76",
                "version": 1
            },
            {
                "environment": "bltedac9aaef6ef5918",
                "locale": "en-us",
                "time": "2021-03-31T12:55:31.278Z",
                "user": "blt484b7e4e3d1b7f76",
                "version": 1
            }
        ]
    }
]