[
    {
        "stackHeaders": {
            "api_key": "bltf2f2e5d5264c97cf"
        },
        "urlPath": "/assets/bltc03d6f1397bf93f5",
        "uid": "bltc03d6f1397bf93f5",
        "content_type": "image/png",
        "file_size": "43632",
        "tags": [],
        "filename": "screencapture-contentstack-gatsby-starter-herokuapp-2020-08-31-18_43_26.png",
        "url": "https://images.contentstack.io/v3/assets/bltf2f2e5d5264c97cf/bltc03d6f1397bf93f5/6064714f97fb12107fc15625/screencapture-contentstack-gatsby-starter-herokuapp-2020-08-31-18_43_26.png",
        "ACL": {},
        "is_dir": false,
        "_version": 1,
        "title": "screencapture-contentstack-gatsby-starter-herokuapp-2020-08-31-18_43_26.png",
        "publish_details": [
            {
                "environment": "blt02f91335cdb5e544",
                "locale": "es-es",
                "time": "2021-03-31T12:55:44.226Z",
                "user": "blt484b7e4e3d1b7f76",
                "version": 1
            },
            {
                "environment": "bltedac9aaef6ef5918",
                "locale": "es-es",
                "time": "2021-03-31T12:55:44.226Z",
                "user": "blt484b7e4e3d1b7f76",
                "version": 1
            },
            {
                "environment": "blt02f91335cdb5e544",
                "locale": "en-us",
                "time": "2021-03-31T12:55:44.232Z",
                "user": "blt484b7e4e3d1b7f76",
                "version": 1
            },
            {
                "environment": "bltedac9aaef6ef5918",
                "locale": "en-us",
                "time": "2021-03-31T12:55:44.232Z",
                "user": "blt484b7e4e3d1b7f76",
                "version": 1
            }
        ]
    }
]