[
    {
        "stackHeaders": {
            "api_key": "bltf2f2e5d5264c97cf"
        },
        "urlPath": "/assets/blt91b28b0387ada79a",
        "uid": "blt91b28b0387ada79a",
        "content_type": "image/png",
        "file_size": "5607",
        "tags": [],
        "filename": "avatar_4.png",
        "url": "https://images.contentstack.io/v3/assets/bltf2f2e5d5264c97cf/blt91b28b0387ada79a/6064713eefedcc109e0824ab/avatar_4.png",
        "ACL": {},
        "is_dir": false,
        "parent_uid": null,
        "_version": 1,
        "title": "avatar_4.png",
        "publish_details": [
            {
                "environment": "blt02f91335cdb5e544",
                "locale": "es-es",
                "time": "2021-03-31T12:55:27.151Z",
                "user": "blt484b7e4e3d1b7f76",
                "version": 1
            },
            {
                "environment": "bltedac9aaef6ef5918",
                "locale": "es-es",
                "time": "2021-03-31T12:55:27.151Z",
                "user": "blt484b7e4e3d1b7f76",
                "version": 1
            },
            {
                "environment": "blt02f91335cdb5e544",
                "locale": "en-us",
                "time": "2021-03-31T12:55:27.159Z",
                "user": "blt484b7e4e3d1b7f76",
                "version": 1
            },
            {
                "environment": "bltedac9aaef6ef5918",
                "locale": "en-us",
                "time": "2021-03-31T12:55:27.159Z",
                "user": "blt484b7e4e3d1b7f76",
                "version": 1
            }
        ]
    }
]