[
    {
        "stackHeaders": {
            "api_key": "bltf2f2e5d5264c97cf"
        },
        "urlPath": "/assets/blt5417cb2d0178dd7c",
        "uid": "blt5417cb2d0178dd7c",
        "content_type": "image/jpeg",
        "file_size": "1800322",
        "tags": [],
        "filename": "eugenio-mazzone-6ywyo2qtaZ8-unsplash-compressed.jpg",
        "url": "https://images.contentstack.io/v3/assets/bltf2f2e5d5264c97cf/blt5417cb2d0178dd7c/6064713deed92c10f87f5150/eugenio-mazzone-6ywyo2qtaZ8-unsplash-compressed.jpg",
        "ACL": {},
        "is_dir": false,
        "_version": 1,
        "title": "eugenio-mazzone-6ywyo2qtaZ8-unsplash.jpg",
        "description": "",
        "publish_details": [
            {
                "environment": "blt02f91335cdb5e544",
                "locale": "es-es",
                "time": "2021-03-31T12:55:26.469Z",
                "user": "blt484b7e4e3d1b7f76",
                "version": 1
            },
            {
                "environment": "bltedac9aaef6ef5918",
                "locale": "es-es",
                "time": "2021-03-31T12:55:26.470Z",
                "user": "blt484b7e4e3d1b7f76",
                "version": 1
            },
            {
                "environment": "blt02f91335cdb5e544",
                "locale": "en-us",
                "time": "2021-03-31T12:55:26.475Z",
                "user": "blt484b7e4e3d1b7f76",
                "version": 1
            },
            {
                "environment": "bltedac9aaef6ef5918",
                "locale": "en-us",
                "time": "2021-03-31T12:55:26.477Z",
                "user": "blt484b7e4e3d1b7f76",
                "version": 1
            }
        ]
    }
]