{
    "blt45dea2c07dbe966a": {
        "title": "Jakob Isaksen",
        "birth_date": "1990-02-10",
        "author_description": "",
        "profile": {
            "uid": "blta5d2e943dda87fa8",
            "created_at": "2021-03-31T12:55:21.626Z",
            "updated_at": "2021-03-31T12:55:21.626Z",
            "created_by": "blt484b7e4e3d1b7f76",
            "updated_by": "blt484b7e4e3d1b7f76",
            "content_type": "image/jpeg",
            "file_size": "20851",
            "tags": [],
            "filename": "avatar_3.jpg",
            "url": "https://images.contentstack.io/v3/assets/bltf2f2e5d5264c97cf/blta5d2e943dda87fa8/60647139d799ef108bc6f826/avatar_3.jpg",
            "ACL": [],
            "is_dir": false,
            "_version": 1,
            "title": "avatar_3.jpg",
            "publish_details": [
                {
                    "environment": "blt02f91335cdb5e544",
                    "locale": "es-es",
                    "time": "2021-03-31T12:55:22.091Z",
                    "user": "blt484b7e4e3d1b7f76",
                    "version": 1
                },
                {
                    "environment": "bltedac9aaef6ef5918",
                    "locale": "es-es",
                    "time": "2021-03-31T12:55:22.091Z",
                    "user": "blt484b7e4e3d1b7f76",
                    "version": 1
                },
                {
                    "environment": "blt02f91335cdb5e544",
                    "locale": "en-us",
                    "time": "2021-03-31T12:55:22.100Z",
                    "user": "blt484b7e4e3d1b7f76",
                    "version": 1
                },
                {
                    "environment": "bltedac9aaef6ef5918",
                    "locale": "en-us",
                    "time": "2021-03-31T12:55:22.101Z",
                    "user": "blt484b7e4e3d1b7f76",
                    "version": 1
                }
            ]
        },
        "tags": [],
        "locale": "en-us",
        "ACL": {},
        "uid": "blt45dea2c07dbe966a",
        "_version": 1,
        "_in_progress": false,
        "publish_details": [
            {
                "environment": "blt02f91335cdb5e544",
                "locale": "es-es",
                "time": "2021-03-31T12:56:09.431Z",
                "user": "blt484b7e4e3d1b7f76",
                "version": 1
            },
            {
                "environment": "bltedac9aaef6ef5918",
                "locale": "es-es",
                "time": "2021-03-31T12:56:09.431Z",
                "user": "blt484b7e4e3d1b7f76",
                "version": 1
            },
            {
                "environment": "blt02f91335cdb5e544",
                "locale": "en-us",
                "time": "2021-03-31T12:56:09.438Z",
                "user": "blt484b7e4e3d1b7f76",
                "version": 1
            },
            {
                "environment": "bltedac9aaef6ef5918",
                "locale": "en-us",
                "time": "2021-03-31T12:56:09.438Z",
                "user": "blt484b7e4e3d1b7f76",
                "version": 1
            }
        ]
    },
    "blt89eac74a992821fb": {
        "title": "Arja Stern",
        "birth_date": "1980-10-26",
        "author_description": "",
        "profile": {
            "uid": "blt460f54d276301e2e",
            "created_at": "2021-03-31T12:55:24.499Z",
            "updated_at": "2021-03-31T12:55:24.499Z",
            "created_by": "blt484b7e4e3d1b7f76",
            "updated_by": "blt484b7e4e3d1b7f76",
            "content_type": "image/jpeg",
            "file_size": "23641",
            "tags": [],
            "filename": "Avatar_6.jpg",
            "url": "https://images.contentstack.io/v3/assets/bltf2f2e5d5264c97cf/blt460f54d276301e2e/6064713cbacdec10a28667b0/Avatar_6.jpg",
            "ACL": [],
            "is_dir": false,
            "_version": 1,
            "title": "Avatar_6.jpg",
            "publish_details": [
                {
                    "environment": "blt02f91335cdb5e544",
                    "locale": "es-es",
                    "time": "2021-03-31T12:55:24.959Z",
                    "user": "blt484b7e4e3d1b7f76",
                    "version": 1
                },
                {
                    "environment": "bltedac9aaef6ef5918",
                    "locale": "es-es",
                    "time": "2021-03-31T12:55:24.959Z",
                    "user": "blt484b7e4e3d1b7f76",
                    "version": 1
                },
                {
                    "environment": "blt02f91335cdb5e544",
                    "locale": "en-us",
                    "time": "2021-03-31T12:55:24.967Z",
                    "user": "blt484b7e4e3d1b7f76",
                    "version": 1
                },
                {
                    "environment": "bltedac9aaef6ef5918",
                    "locale": "en-us",
                    "time": "2021-03-31T12:55:24.967Z",
                    "user": "blt484b7e4e3d1b7f76",
                    "version": 1
                }
            ]
        },
        "tags": [],
        "locale": "en-us",
        "ACL": {},
        "uid": "blt89eac74a992821fb",
        "_version": 1,
        "_in_progress": false,
        "publish_details": [
            {
                "environment": "blt02f91335cdb5e544",
                "locale": "es-es",
                "time": "2021-03-31T12:56:09.820Z",
                "user": "blt484b7e4e3d1b7f76",
                "version": 1
            },
            {
                "environment": "bltedac9aaef6ef5918",
                "locale": "es-es",
                "time": "2021-03-31T12:56:09.820Z",
                "user": "blt484b7e4e3d1b7f76",
                "version": 1
            },
            {
                "environment": "blt02f91335cdb5e544",
                "locale": "en-us",
                "time": "2021-03-31T12:56:09.829Z",
                "user": "blt484b7e4e3d1b7f76",
                "version": 1
            },
            {
                "environment": "bltedac9aaef6ef5918",
                "locale": "en-us",
                "time": "2021-03-31T12:56:09.829Z",
                "user": "blt484b7e4e3d1b7f76",
                "version": 1
            }
        ]
    },
    "bltd72a6663213e0e0c": {
        "title": "Eva Arias",
        "birth_date": "1981-05-12",
        "author_description": "",
        "profile": {
            "uid": "blt91b28b0387ada79a",
            "created_at": "2021-03-31T12:55:26.736Z",
            "updated_at": "2021-03-31T12:55:26.736Z",
            "created_by": "blt484b7e4e3d1b7f76",
            "updated_by": "blt484b7e4e3d1b7f76",
            "content_type": "image/png",
            "file_size": "5607",
            "tags": [],
            "filename": "avatar_4.png",
            "url": "https://images.contentstack.io/v3/assets/bltf2f2e5d5264c97cf/blt91b28b0387ada79a/6064713eefedcc109e0824ab/avatar_4.png",
            "ACL": [],
            "is_dir": false,
            "parent_uid": null,
            "_version": 1,
            "title": "avatar_4.png",
            "publish_details": [
                {
                    "environment": "blt02f91335cdb5e544",
                    "locale": "es-es",
                    "time": "2021-03-31T12:55:27.151Z",
                    "user": "blt484b7e4e3d1b7f76",
                    "version": 1
                },
                {
                    "environment": "bltedac9aaef6ef5918",
                    "locale": "es-es",
                    "time": "2021-03-31T12:55:27.151Z",
                    "user": "blt484b7e4e3d1b7f76",
                    "version": 1
                },
                {
                    "environment": "blt02f91335cdb5e544",
                    "locale": "en-us",
                    "time": "2021-03-31T12:55:27.159Z",
                    "user": "blt484b7e4e3d1b7f76",
                    "version": 1
                },
                {
                    "environment": "bltedac9aaef6ef5918",
                    "locale": "en-us",
                    "time": "2021-03-31T12:55:27.159Z",
                    "user": "blt484b7e4e3d1b7f76",
                    "version": 1
                }
            ]
        },
        "tags": [],
        "locale": "en-us",
        "ACL": {},
        "uid": "bltd72a6663213e0e0c",
        "_version": 1,
        "_in_progress": false,
        "publish_details": [
            {
                "environment": "blt02f91335cdb5e544",
                "locale": "es-es",
                "time": "2021-03-31T12:56:10.416Z",
                "user": "blt484b7e4e3d1b7f76",
                "version": 1
            },
            {
                "environment": "bltedac9aaef6ef5918",
                "locale": "es-es",
                "time": "2021-03-31T12:56:10.416Z",
                "user": "blt484b7e4e3d1b7f76",
                "version": 1
            },
            {
                "environment": "blt02f91335cdb5e544",
                "locale": "en-us",
                "time": "2021-03-31T12:56:10.421Z",
                "user": "blt484b7e4e3d1b7f76",
                "version": 1
            },
            {
                "environment": "bltedac9aaef6ef5918",
                "locale": "en-us",
                "time": "2021-03-31T12:56:10.421Z",
                "user": "blt484b7e4e3d1b7f76",
                "version": 1
            }
        ]
    },
    "blt51ae845282512be2": {
        "title": "Cathasach Thomas",
        "birth_date": "1985-06-13",
        "author_description": "",
        "profile": {
            "uid": "blt91b28b0387ada79a",
            "created_at": "2021-03-31T12:55:26.736Z",
            "updated_at": "2021-03-31T12:55:26.736Z",
            "created_by": "blt484b7e4e3d1b7f76",
            "updated_by": "blt484b7e4e3d1b7f76",
            "content_type": "image/png",
            "file_size": "5607",
            "tags": [],
            "filename": "avatar_4.png",
            "url": "https://images.contentstack.io/v3/assets/bltf2f2e5d5264c97cf/blt91b28b0387ada79a/6064713eefedcc109e0824ab/avatar_4.png",
            "ACL": [],
            "is_dir": false,
            "parent_uid": null,
            "_version": 1,
            "title": "avatar_4.png",
            "publish_details": [
                {
                    "environment": "blt02f91335cdb5e544",
                    "locale": "es-es",
                    "time": "2021-03-31T12:55:27.151Z",
                    "user": "blt484b7e4e3d1b7f76",
                    "version": 1
                },
                {
                    "environment": "bltedac9aaef6ef5918",
                    "locale": "es-es",
                    "time": "2021-03-31T12:55:27.151Z",
                    "user": "blt484b7e4e3d1b7f76",
                    "version": 1
                },
                {
                    "environment": "blt02f91335cdb5e544",
                    "locale": "en-us",
                    "time": "2021-03-31T12:55:27.159Z",
                    "user": "blt484b7e4e3d1b7f76",
                    "version": 1
                },
                {
                    "environment": "bltedac9aaef6ef5918",
                    "locale": "en-us",
                    "time": "2021-03-31T12:55:27.159Z",
                    "user": "blt484b7e4e3d1b7f76",
                    "version": 1
                }
            ]
        },
        "tags": [],
        "locale": "en-us",
        "ACL": {},
        "uid": "blt51ae845282512be2",
        "_version": 1,
        "_in_progress": false,
        "publish_details": [
            {
                "environment": "blt02f91335cdb5e544",
                "locale": "es-es",
                "time": "2021-03-31T12:56:09.147Z",
                "user": "blt484b7e4e3d1b7f76",
                "version": 1
            },
            {
                "environment": "bltedac9aaef6ef5918",
                "locale": "es-es",
                "time": "2021-03-31T12:56:09.147Z",
                "user": "blt484b7e4e3d1b7f76",
                "version": 1
            },
            {
                "environment": "blt02f91335cdb5e544",
                "locale": "en-us",
                "time": "2021-03-31T12:56:09.154Z",
                "user": "blt484b7e4e3d1b7f76",
                "version": 1
            },
            {
                "environment": "bltedac9aaef6ef5918",
                "locale": "en-us",
                "time": "2021-03-31T12:56:09.155Z",
                "user": "blt484b7e4e3d1b7f76",
                "version": 1
            }
        ]
    },
    "blt0381b9518bb27886": {
        "title": "Emelrich Antonino",
        "birth_date": "1995-11-16",
        "author_description": "",
        "profile": {
            "uid": "blt7a7240720c1bb552",
            "created_at": "2021-03-31T12:55:44.568Z",
            "updated_at": "2021-03-31T12:55:44.568Z",
            "created_by": "blt484b7e4e3d1b7f76",
            "updated_by": "blt484b7e4e3d1b7f76",
            "content_type": "image/jpeg",
            "file_size": "20851",
            "tags": [],
            "filename": "avatar_3.jpg",
            "url": "https://images.contentstack.io/v3/assets/bltf2f2e5d5264c97cf/blt7a7240720c1bb552/60647150635c1210ab068f5c/avatar_3.jpg",
            "ACL": [],
            "is_dir": false,
            "_version": 1,
            "title": "avatar_3.jpg",
            "publish_details": [
                {
                    "environment": "blt02f91335cdb5e544",
                    "locale": "es-es",
                    "time": "2021-03-31T12:55:45.083Z",
                    "user": "blt484b7e4e3d1b7f76",
                    "version": 1
                },
                {
                    "environment": "bltedac9aaef6ef5918",
                    "locale": "es-es",
                    "time": "2021-03-31T12:55:45.084Z",
                    "user": "blt484b7e4e3d1b7f76",
                    "version": 1
                },
                {
                    "environment": "blt02f91335cdb5e544",
                    "locale": "en-us",
                    "time": "2021-03-31T12:55:45.096Z",
                    "user": "blt484b7e4e3d1b7f76",
                    "version": 1
                },
                {
                    "environment": "bltedac9aaef6ef5918",
                    "locale": "en-us",
                    "time": "2021-03-31T12:55:45.096Z",
                    "user": "blt484b7e4e3d1b7f76",
                    "version": 1
                }
            ]
        },
        "tags": [],
        "locale": "en-us",
        "ACL": {},
        "uid": "blt0381b9518bb27886",
        "_version": 1,
        "_in_progress": false,
        "publish_details": [
            {
                "environment": "blt02f91335cdb5e544",
                "locale": "es-es",
                "time": "2021-03-31T12:56:10.107Z",
                "user": "blt484b7e4e3d1b7f76",
                "version": 1
            },
            {
                "environment": "bltedac9aaef6ef5918",
                "locale": "es-es",
                "time": "2021-03-31T12:56:10.107Z",
                "user": "blt484b7e4e3d1b7f76",
                "version": 1
            },
            {
                "environment": "blt02f91335cdb5e544",
                "locale": "en-us",
                "time": "2021-03-31T12:56:10.115Z",
                "user": "blt484b7e4e3d1b7f76",
                "version": 1
            },
            {
                "environment": "bltedac9aaef6ef5918",
                "locale": "en-us",
                "time": "2021-03-31T12:56:10.115Z",
                "user": "blt484b7e4e3d1b7f76",
                "version": 1
            }
        ]
    },
    "blta3402b8352547aa4": {
        "title": "Sevinj Beumers",
        "birth_date": "1970-01-15",
        "author_description": "",
        "profile": {
            "uid": "blt95e3341178fc9794",
            "created_at": "2021-03-31T12:55:45.417Z",
            "updated_at": "2021-03-31T12:55:45.417Z",
            "created_by": "blt484b7e4e3d1b7f76",
            "updated_by": "blt484b7e4e3d1b7f76",
            "content_type": "image/png",
            "file_size": "63303",
            "tags": [],
            "filename": "avatar_5.png",
            "url": "https://images.contentstack.io/v3/assets/bltf2f2e5d5264c97cf/blt95e3341178fc9794/6064715154f67a105006cfd5/avatar_5.png",
            "ACL": [],
            "is_dir": false,
            "_version": 1,
            "title": "avatar_5.png",
            "publish_details": [
                {
                    "environment": "blt02f91335cdb5e544",
                    "locale": "es-es",
                    "time": "2021-03-31T12:55:45.873Z",
                    "user": "blt484b7e4e3d1b7f76",
                    "version": 1
                },
                {
                    "environment": "bltedac9aaef6ef5918",
                    "locale": "es-es",
                    "time": "2021-03-31T12:55:45.873Z",
                    "user": "blt484b7e4e3d1b7f76",
                    "version": 1
                },
                {
                    "environment": "blt02f91335cdb5e544",
                    "locale": "en-us",
                    "time": "2021-03-31T12:55:45.880Z",
                    "user": "blt484b7e4e3d1b7f76",
                    "version": 1
                },
                {
                    "environment": "bltedac9aaef6ef5918",
                    "locale": "en-us",
                    "time": "2021-03-31T12:55:45.880Z",
                    "user": "blt484b7e4e3d1b7f76",
                    "version": 1
                }
            ]
        },
        "tags": [],
        "locale": "en-us",
        "ACL": {},
        "uid": "blta3402b8352547aa4",
        "_version": 1,
        "_in_progress": false,
        "publish_details": [
            {
                "environment": "blt02f91335cdb5e544",
                "locale": "es-es",
                "time": "2021-03-31T12:56:08.841Z",
                "user": "blt484b7e4e3d1b7f76",
                "version": 1
            },
            {
                "environment": "bltedac9aaef6ef5918",
                "locale": "es-es",
                "time": "2021-03-31T12:56:08.841Z",
                "user": "blt484b7e4e3d1b7f76",
                "version": 1
            },
            {
                "environment": "blt02f91335cdb5e544",
                "locale": "en-us",
                "time": "2021-03-31T12:56:08.848Z",
                "user": "blt484b7e4e3d1b7f76",
                "version": 1
            },
            {
                "environment": "bltedac9aaef6ef5918",
                "locale": "en-us",
                "time": "2021-03-31T12:56:08.848Z",
                "user": "blt484b7e4e3d1b7f76",
                "version": 1
            }
        ]
    }
}