[
    {
        "stackHeaders": {
            "api_key": "bltf2f2e5d5264c97cf"
        },
        "urlPath": "/assets/blt6c22ab76ec7ed9ba",
        "uid": "blt6c22ab76ec7ed9ba",
        "content_type": "image/jpeg",
        "file_size": "257210",
        "tags": [],
        "filename": "gaming5.jpg",
        "url": "https://images.contentstack.io/v3/assets/bltf2f2e5d5264c97cf/blt6c22ab76ec7ed9ba/60647148523b5f107686499b/gaming5.jpg",
        "ACL": {},
        "is_dir": false,
        "_version": 1,
        "title": "gaming5.jpg",
        "publish_details": [
            {
                "environment": "blt02f91335cdb5e544",
                "locale": "es-es",
                "time": "2021-03-31T12:55:37.071Z",
                "user": "blt484b7e4e3d1b7f76",
                "version": 1
            },
            {
                "environment": "bltedac9aaef6ef5918",
                "locale": "es-es",
                "time": "2021-03-31T12:55:37.072Z",
                "user": "blt484b7e4e3d1b7f76",
                "version": 1
            },
            {
                "environment": "blt02f91335cdb5e544",
                "locale": "en-us",
                "time": "2021-03-31T12:55:37.077Z",
                "user": "blt484b7e4e3d1b7f76",
                "version": 1
            },
            {
                "environment": "bltedac9aaef6ef5918",
                "locale": "en-us",
                "time": "2021-03-31T12:55:37.077Z",
                "user": "blt484b7e4e3d1b7f76",
                "version": 1
            }
        ]
    }
]