[
    {
        "stackHeaders": {
            "api_key": "bltf2f2e5d5264c97cf"
        },
        "urlPath": "/assets/bltcfaf3f588673bf6a",
        "uid": "bltcfaf3f588673bf6a",
        "content_type": "image/jpeg",
        "file_size": "119696",
        "tags": [],
        "filename": "food-blog-banner.jpg",
        "url": "https://images.contentstack.io/v3/assets/bltf2f2e5d5264c97cf/bltcfaf3f588673bf6a/606471433b423810745c85ba/food-blog-banner.jpg",
        "ACL": {},
        "is_dir": false,
        "_version": 1,
        "title": "food-blog-banner.jpg",
        "publish_details": [
            {
                "environment": "blt02f91335cdb5e544",
                "locale": "es-es",
                "time": "2021-03-31T12:55:32.174Z",
                "user": "blt484b7e4e3d1b7f76",
                "version": 1
            },
            {
                "environment": "bltedac9aaef6ef5918",
                "locale": "es-es",
                "time": "2021-03-31T12:55:32.174Z",
                "user": "blt484b7e4e3d1b7f76",
                "version": 1
            },
            {
                "environment": "blt02f91335cdb5e544",
                "locale": "en-us",
                "time": "2021-03-31T12:55:32.181Z",
                "user": "blt484b7e4e3d1b7f76",
                "version": 1
            },
            {
                "environment": "bltedac9aaef6ef5918",
                "locale": "en-us",
                "time": "2021-03-31T12:55:32.181Z",
                "user": "blt484b7e4e3d1b7f76",
                "version": 1
            }
        ]
    }
]